,indicator,year,sex,race_ethnicity,value,place,95pc_con_lvl-low,95pc_con_lvl-high
14189,"AIDS Diagnoses Rate (Per 100,000 people)",2010,Both,All,2.3,"Fort Worth (Tarrant County), TX",1.6,3.0
14191,"AIDS Diagnoses Rate (Per 100,000 people)",2010,Both,All,9.0,"Oakland (Alameda County), CA",6.2,12.5
14194,"AIDS Diagnoses Rate (Per 100,000 people)",2010,Both,All,10.8,"Las Vegas (Clark County), NV",9.4,12.3
14197,"AIDS Diagnoses Rate (Per 100,000 people)",2010,Both,All,15.9,"Charlotte, NC",13.0,18.8
14198,"AIDS Diagnoses Rate (Per 100,000 people)",2010,Both,All,17.6,"Los Angeles, CA",16.3,18.9
14206,"AIDS Diagnoses Rate (Per 100,000 people)",2010,Both,Asian/PI,1.5,"Oakland (Alameda County), CA",0.0,8.3
14209,"AIDS Diagnoses Rate (Per 100,000 people)",2010,Both,Asian/PI,3.3,"Los Angeles, CA",1.6,4.9
14213,"AIDS Diagnoses Rate (Per 100,000 people)",2010,Both,Asian/PI,6.8,"Las Vegas (Clark County), NV",2.9,10.6
14220,"AIDS Diagnoses Rate (Per 100,000 people)",2010,Both,Black,18.8,"Oakland (Alameda County), CA",11.5,29.0
14222,"AIDS Diagnoses Rate (Per 100,000 people)",2010,Both,Black,34.5,"Charlotte, NC",27.3,41.8
14227,"AIDS Diagnoses Rate (Per 100,000 people)",2010,Both,Black,43.8,"Los Angeles, CA",37.5,50.2
14229,"AIDS Diagnoses Rate (Per 100,000 people)",2010,Both,Black,58.0,"Las Vegas (Clark County), NV",20.8,35.7
14236,"AIDS Diagnoses Rate (Per 100,000 people)",2010,Both,Hispanic,7.1,"Oakland (Alameda County), CA",2.8,14.6
14237,"AIDS Diagnoses Rate (Per 100,000 people)",2010,Both,Hispanic,9.4,"Charlotte, NC",3.3,15.6
14238,"AIDS Diagnoses Rate (Per 100,000 people)",2010,Both,Hispanic,10.2,"Las Vegas (Clark County), NV",7.6,12.8
14244,"AIDS Diagnoses Rate (Per 100,000 people)",2010,Both,Hispanic,17.3,"Los Angeles, CA",15.5,19.1
14250,"AIDS Diagnoses Rate (Per 100,000 people)",2010,Both,Other,6.1,"Oakland (Alameda County), CA",0.2,33.8
14251,"AIDS Diagnoses Rate (Per 100,000 people)",2010,Both,Other,6.7,"Las Vegas (Clark County), NV",0.8,12.6
14264,"AIDS Diagnoses Rate (Per 100,000 people)",2010,Both,White,5.5,"Charlotte, NC",2.9,8.0
14265,"AIDS Diagnoses Rate (Per 100,000 people)",2010,Both,White,5.9,"Oakland (Alameda County), CA",2.2,12.9
14268,"AIDS Diagnoses Rate (Per 100,000 people)",2010,Both,White,8.7,"Las Vegas (Clark County), NV",6.8,10.5
14270,"AIDS Diagnoses Rate (Per 100,000 people)",2010,Both,White,13.0,"Los Angeles, CA",10.9,15.0
14279,"AIDS Diagnoses Rate (Per 100,000 people)",2010,Female,All,2.0,"Oakland (Alameda County), CA",0.5,5.1
14281,"AIDS Diagnoses Rate (Per 100,000 people)",2010,Female,All,3.7,"Las Vegas (Clark County), NV",2.5,4.9
14283,"AIDS Diagnoses Rate (Per 100,000 people)",2010,Female,All,4.9,"Los Angeles, CA",3.9,5.8
14286,"AIDS Diagnoses Rate (Per 100,000 people)",2010,Female,All,9.3,"Charlotte, NC",6.2,12.3
14293,"AIDS Diagnoses Rate (Per 100,000 people)",2010,Male,All,3.9,"Fort Worth (Tarrant County), TX",2.6,5.3
14295,"AIDS Diagnoses Rate (Per 100,000 people)",2010,Male,All,16.4,"Oakland (Alameda County), CA",11.1,23.2
14297,"AIDS Diagnoses Rate (Per 100,000 people)",2010,Male,All,17.8,"Las Vegas (Clark County), NV",15.2,20.5
14300,"AIDS Diagnoses Rate (Per 100,000 people)",2010,Male,All,22.9,"Charlotte, NC",17.9,27.9
14301,"AIDS Diagnoses Rate (Per 100,000 people)",2010,Male,All,30.4,"Los Angeles, CA",28.0,32.8
14308,"AIDS Diagnoses Rate (Per 100,000 people)",2011,Both,All,2.3,"Fort Worth (Tarrant County), TX",1.6,3.0
14313,"AIDS Diagnoses Rate (Per 100,000 people)",2011,Both,All,9.5,"Portland (Multnomah County), OR",7.4,12.0
14314,"AIDS Diagnoses Rate (Per 100,000 people)",2011,Both,All,10.0,"Las Vegas (Clark County), NV",8.6,11.4
14319,"AIDS Diagnoses Rate (Per 100,000 people)",2011,Both,All,13.8,"Los Angeles, CA",12.6,14.9
14321,"AIDS Diagnoses Rate (Per 100,000 people)",2011,Both,All,16.5,"Charlotte, NC",13.6,19.5
14337,"AIDS Diagnoses Rate (Per 100,000 people)",2011,Both,Asian/PI,3.3,"Los Angeles, CA",1.6,4.9
14340,"AIDS Diagnoses Rate (Per 100,000 people)",2011,Both,Asian/PI,4.5,"Las Vegas (Clark County), NV",1.4,7.6
14355,"AIDS Diagnoses Rate (Per 100,000 people)",2011,Both,Black,31.5,"Los Angeles, CA",26.1,36.9
14356,"AIDS Diagnoses Rate (Per 100,000 people)",2011,Both,Black,33.7,"Charlotte, NC",26.6,40.9
14357,"AIDS Diagnoses Rate (Per 100,000 people)",2011,Both,Black,34.9,"Las Vegas (Clark County), NV",26.6,43.2
14369,"AIDS Diagnoses Rate (Per 100,000 people)",2011,Both,Hispanic,7.3,"Charlotte, NC",1.9,12.7
14370,"AIDS Diagnoses Rate (Per 100,000 people)",2011,Both,Hispanic,9.0,"Las Vegas (Clark County), NV",6.5,11.4
14373,"AIDS Diagnoses Rate (Per 100,000 people)",2011,Both,Hispanic,12.4,"Los Angeles, CA",10.9,14.0
14393,"AIDS Diagnoses Rate (Per 100,000 people)",2011,Both,Other,34.0,"Charlotte, NC",6.8,61.3
14400,"AIDS Diagnoses Rate (Per 100,000 people)",2011,Both,White,6.9,"Las Vegas (Clark County), NV",5.3,8.6
14401,"AIDS Diagnoses Rate (Per 100,000 people)",2011,Both,White,7.0,"Charlotte, NC",4.1,9.8
14407,"AIDS Diagnoses Rate (Per 100,000 people)",2011,Both,White,9.8,"Portland (Multnomah County), OR",7.4,12.8
14410,"AIDS Diagnoses Rate (Per 100,000 people)",2011,Both,White,12.1,"Los Angeles, CA",10.1,14.0
14421,"AIDS Diagnoses Rate (Per 100,000 people)",2011,Female,All,2.9,"Los Angeles, CA",2.2,3.7
14422,"AIDS Diagnoses Rate (Per 100,000 people)",2011,Female,All,3.8,"Las Vegas (Clark County), NV",2.6,5.0
14429,"AIDS Diagnoses Rate (Per 100,000 people)",2011,Female,All,7.7,"Charlotte, NC",4.9,10.5
14438,"AIDS Diagnoses Rate (Per 100,000 people)",2011,Male,All,3.9,"Fort Worth (Tarrant County), TX",2.6,5.3
14441,"AIDS Diagnoses Rate (Per 100,000 people)",2011,Male,All,16.1,"Las Vegas (Clark County), NV",13.6,18.6
14444,"AIDS Diagnoses Rate (Per 100,000 people)",2011,Male,All,18.1,"Portland (Multnomah County), OR",14.1,23.0
14447,"AIDS Diagnoses Rate (Per 100,000 people)",2011,Male,All,24.7,"Los Angeles, CA",22.5,26.8
14448,"AIDS Diagnoses Rate (Per 100,000 people)",2011,Male,All,26.0,"Charlotte, NC",20.7,31.3
14461,"AIDS Diagnoses Rate (Per 100,000 people)",2012,Both,All,7.6,"Portland (Multnomah County), OR",5.8,9.9
14470,"AIDS Diagnoses Rate (Per 100,000 people)",2012,Both,All,13.1,"Indianapolis (Marion County), IN",10.9,15.6
14471,"AIDS Diagnoses Rate (Per 100,000 people)",2012,Both,All,15.3,"Los Angeles, CA",14.1,16.5
14479,"AIDS Diagnoses Rate (Per 100,000 people)",2012,Both,All,27.3,"Charlotte, NC",23.6,31.1
14491,"AIDS Diagnoses Rate (Per 100,000 people)",2012,Both,Asian/PI,5.6,"Los Angeles, CA",3.5,7.8
14503,"AIDS Diagnoses Rate (Per 100,000 people)",2012,Both,Black,26.0,"Indianapolis (Marion County), IN",19.6,32.3
14509,"AIDS Diagnoses Rate (Per 100,000 people)",2012,Both,Black,32.9,"Los Angeles, CA",27.4,38.5
14516,"AIDS Diagnoses Rate (Per 100,000 people)",2012,Both,Black,59.9,"Charlotte, NC",50.4,69.5
14531,"AIDS Diagnoses Rate (Per 100,000 people)",2012,Both,Hispanic,13.6,"Charlotte, NC",6.2,21.0
14532,"AIDS Diagnoses Rate (Per 100,000 people)",2012,Both,Hispanic,14.4,"Portland (Multnomah County), OR",7.5,25.2
14534,"AIDS Diagnoses Rate (Per 100,000 people)",2012,Both,Hispanic,15.1,"Los Angeles, CA",13.4,16.8
14555,"AIDS Diagnoses Rate (Per 100,000 people)",2012,Both,Other,56.7,"Charlotte, NC",21.6,91.9
14566,"AIDS Diagnoses Rate (Per 100,000 people)",2012,Both,White,7.2,"Portland (Multnomah County), OR",5.1,9.8
14567,"AIDS Diagnoses Rate (Per 100,000 people)",2012,Both,White,7.3,"Charlotte, NC",4.4,10.2
14574,"AIDS Diagnoses Rate (Per 100,000 people)",2012,Both,White,11.9,"Los Angeles, CA",9.9,13.8
14588,"AIDS Diagnoses Rate (Per 100,000 people)",2012,Female,All,3.1,"Los Angeles, CA",2.4,3.9
14599,"AIDS Diagnoses Rate (Per 100,000 people)",2012,Female,All,15.1,"Charlotte, NC",11.2,19.0
14609,"AIDS Diagnoses Rate (Per 100,000 people)",2012,Male,All,13.9,"Portland (Multnomah County), OR",10.4,18.2
14613,"AIDS Diagnoses Rate (Per 100,000 people)",2012,Male,All,22.4,"Indianapolis (Marion County), IN",18.0,26.8
14616,"AIDS Diagnoses Rate (Per 100,000 people)",2012,Male,All,27.6,"Los Angeles, CA",25.3,29.9
14624,"AIDS Diagnoses Rate (Per 100,000 people)",2012,Male,All,40.5,"Charlotte, NC",33.8,47.1
14632,"AIDS Diagnoses Rate (Per 100,000 people)",2013,Both,All,7.7,"Portland (Multnomah County), OR",5.9,9.9
14640,"AIDS Diagnoses Rate (Per 100,000 people)",2013,Both,All,10.9,"Indianapolis (Marion County), IN",9.0,13.2
14642,"AIDS Diagnoses Rate (Per 100,000 people)",2013,Both,All,12.7,"Los Angeles, CA",11.6,13.8
14652,"AIDS Diagnoses Rate (Per 100,000 people)",2013,Both,All,32.0,"Charlotte, NC",27.9,36.1
14662,"AIDS Diagnoses Rate (Per 100,000 people)",2013,Both,Asian/PI,5.0,"Los Angeles, CA",3.0,7.0
14675,"AIDS Diagnoses Rate (Per 100,000 people)",2013,Both,Black,21.5,"Indianapolis (Marion County), IN",15.8,27.3
14677,"AIDS Diagnoses Rate (Per 100,000 people)",2013,Both,Black,25.7,"Los Angeles, CA",20.8,30.6
14687,"AIDS Diagnoses Rate (Per 100,000 people)",2013,Both,Black,67.9,"Charlotte, NC",57.7,78.0
14701,"AIDS Diagnoses Rate (Per 100,000 people)",2013,Both,Hispanic,12.6,"Los Angeles, CA",11.0,14.1
14702,"AIDS Diagnoses Rate (Per 100,000 people)",2013,Both,Hispanic,13.6,"Charlotte, NC",6.2,21.0
14704,"AIDS Diagnoses Rate (Per 100,000 people)",2013,Both,Hispanic,18.8,"Portland (Multnomah County), OR",10.8,30.5
14723,"AIDS Diagnoses Rate (Per 100,000 people)",2013,Both,Other,62.4,"Charlotte, NC",25.5,99.3
14730,"AIDS Diagnoses Rate (Per 100,000 people)",2013,Both,White,6.4,"Portland (Multnomah County), OR",4.4,8.9
14739,"AIDS Diagnoses Rate (Per 100,000 people)",2013,Both,White,9.5,"Los Angeles, CA",7.8,11.2
14741,"AIDS Diagnoses Rate (Per 100,000 people)",2013,Both,White,10.9,"Charlotte, NC",7.4,14.5
14751,"AIDS Diagnoses Rate (Per 100,000 people)",2013,Female,All,2.3,"Los Angeles, CA",1.7,3.0
14766,"AIDS Diagnoses Rate (Per 100,000 people)",2013,Female,All,19.3,"Charlotte, NC",14.9,23.8
14772,"AIDS Diagnoses Rate (Per 100,000 people)",2013,Male,All,14.3,"Portland (Multnomah County), OR",10.7,18.6
14778,"AIDS Diagnoses Rate (Per 100,000 people)",2013,Male,All,17.0,"Indianapolis (Marion County), IN",13.2,20.8
14781,"AIDS Diagnoses Rate (Per 100,000 people)",2013,Male,All,23.1,"Los Angeles, CA",21.0,25.2
14792,"AIDS Diagnoses Rate (Per 100,000 people)",2013,Male,All,45.5,"Charlotte, NC",38.5,52.6
14796,"AIDS Diagnoses Rate (Per 100,000 people)",2014,Both,All,4.9,"Oakland (Alameda County), CA",2.9,7.6
14802,"AIDS Diagnoses Rate (Per 100,000 people)",2014,Both,All,7.6,"Portland (Multnomah County), OR",5.8,9.8
14805,"AIDS Diagnoses Rate (Per 100,000 people)",2014,Both,All,10.4,"Los Angeles, CA",9.4,11.4
14808,"AIDS Diagnoses Rate (Per 100,000 people)",2014,Both,All,10.6,"Seattle, WA",8.3,13.4
14809,"AIDS Diagnoses Rate (Per 100,000 people)",2014,Both,All,12.1,"Indianapolis (Marion County), IN",10.1,14.5
14815,"AIDS Diagnoses Rate (Per 100,000 people)",2014,Both,All,20.9,"Charlotte, NC",17.6,24.2
14820,"AIDS Diagnoses Rate (Per 100,000 people)",2014,Both,Asian/PI,2.0,"Los Angeles, CA",0.7,3.2
14825,"AIDS Diagnoses Rate (Per 100,000 people)",2014,Both,Asian/PI,10.2,"Seattle, WA",5.2,18.3
14831,"AIDS Diagnoses Rate (Per 100,000 people)",2014,Both,Black,10.3,"Oakland (Alameda County), CA",5.1,18.5
14836,"AIDS Diagnoses Rate (Per 100,000 people)",2014,Both,Black,22.5,"Los Angeles, CA",18.0,27.1
14837,"AIDS Diagnoses Rate (Per 100,000 people)",2014,Both,Black,23.7,"Indianapolis (Marion County), IN",17.7,29.7
14841,"AIDS Diagnoses Rate (Per 100,000 people)",2014,Both,Black,35.2,"Seattle, WA",21.8,64.0
14843,"AIDS Diagnoses Rate (Per 100,000 people)",2014,Both,Black,43.3,"Charlotte, NC",35.1,51.4
14849,"AIDS Diagnoses Rate (Per 100,000 people)",2014,Both,Hispanic,6.1,"Oakland (Alameda County), CA",2.2,13.2
14857,"AIDS Diagnoses Rate (Per 100,000 people)",2014,Both,Hispanic,10.8,"Los Angeles, CA",9.4,12.3
14860,"AIDS Diagnoses Rate (Per 100,000 people)",2014,Both,Hispanic,15.7,"Charlotte, NC",7.7,23.6
14873,"AIDS Diagnoses Rate (Per 100,000 people)",2014,Both,Other,24.3,"Seattle, WA",12.4,43.4
14876,"AIDS Diagnoses Rate (Per 100,000 people)",2014,Both,White,2.0,"Oakland (Alameda County), CA",0.2,7.1
14886,"AIDS Diagnoses Rate (Per 100,000 people)",2014,Both,White,6.7,"Portland (Multnomah County), OR",4.7,9.2
14887,"AIDS Diagnoses Rate (Per 100,000 people)",2014,Both,White,7.0,"Charlotte, NC",4.1,9.8
14888,"AIDS Diagnoses Rate (Per 100,000 people)",2014,Both,White,7.7,"Los Angeles, CA",6.1,9.2
14889,"AIDS Diagnoses Rate (Per 100,000 people)",2014,Both,White,8.1,"Seattle, WA",5.7,11.1
14900,"AIDS Diagnoses Rate (Per 100,000 people)",2014,Female,All,1.9,"Seattle, WA",0.8,3.9
14903,"AIDS Diagnoses Rate (Per 100,000 people)",2014,Female,All,2.5,"Oakland (Alameda County), CA",0.8,5.8
14905,"AIDS Diagnoses Rate (Per 100,000 people)",2014,Female,All,2.7,"Los Angeles, CA",2.0,3.5
14914,"AIDS Diagnoses Rate (Per 100,000 people)",2014,Female,All,11.9,"Charlotte, NC",8.4,15.4
14919,"AIDS Diagnoses Rate (Per 100,000 people)",2014,Male,All,7.4,"Oakland (Alameda County), CA",4.0,12.4
14925,"AIDS Diagnoses Rate (Per 100,000 people)",2014,Male,All,13.0,"Portland (Multnomah County), OR",9.7,17.2
14929,"AIDS Diagnoses Rate (Per 100,000 people)",2014,Male,All,18.1,"Los Angeles, CA",16.2,19.9
14931,"AIDS Diagnoses Rate (Per 100,000 people)",2014,Male,All,18.7,"Indianapolis (Marion County), IN",14.7,22.7
14932,"AIDS Diagnoses Rate (Per 100,000 people)",2014,Male,All,19.4,"Seattle, WA",15.0,24.8
14938,"AIDS Diagnoses Rate (Per 100,000 people)",2014,Male,All,30.6,"Charlotte, NC",24.8,36.3
14941,"AIDS Diagnoses Rate (Per 100,000 people)",2015,Both,All,3.8,"Portland (Multnomah County), OR",386.2,414.1
14942,"AIDS Diagnoses Rate (Per 100,000 people)",2015,Both,All,3.9,"Fort Worth (Tarrant County), TX",3.0,4.8
14943,"AIDS Diagnoses Rate (Per 100,000 people)",2015,Both,All,6.1,"Oakland (Alameda County), CA",3.9,9.1
14947,"AIDS Diagnoses Rate (Per 100,000 people)",2015,Both,All,8.3,"Seattle, WA",6.3,10.8
14948,"AIDS Diagnoses Rate (Per 100,000 people)",2015,Both,All,9.5,"Las Vegas (Clark County), NV",8.2,10.9
14953,"AIDS Diagnoses Rate (Per 100,000 people)",2015,Both,All,18.5,"Charlotte, NC",15.3,21.6
14955,"AIDS Diagnoses Rate (Per 100,000 people)",2015,Both,American Indian/Alaska Native,207.4,"Portland (Multnomah County), OR",139.9,295.9
14958,"AIDS Diagnoses Rate (Per 100,000 people)",2015,Both,Asian/PI,3.7,"Los Angeles, CA",1.9,5.4
14959,"AIDS Diagnoses Rate (Per 100,000 people)",2015,Both,Asian/PI,4.5,"Las Vegas (Clark County), NV",1.4,7.6
14962,"AIDS Diagnoses Rate (Per 100,000 people)",2015,Both,Asian/PI,7.4,"Oakland (Alameda County), CA",2.4,17.4
14963,"AIDS Diagnoses Rate (Per 100,000 people)",2015,Both,Asian/PI,125.3,"Portland (Multnomah County), OR",100.5,154.3
14970,"AIDS Diagnoses Rate (Per 100,000 people)",2015,Both,Black,8.4,"Oakland (Alameda County), CA",1.6,16.0
14971,"AIDS Diagnoses Rate (Per 100,000 people)",2015,Both,Black,9.1,"Fort Worth (Tarrant County), TX",5.5,12.8
14976,"AIDS Diagnoses Rate (Per 100,000 people)",2015,Both,Black,21.3,"Los Angeles, CA",16.9,25.8
14979,"AIDS Diagnoses Rate (Per 100,000 people)",2015,Both,Black,30.2,"Seattle, WA",18.2,47.4
14980,"AIDS Diagnoses Rate (Per 100,000 people)",2015,Both,Black,30.3,"Las Vegas (Clark County), NV",22.6,38.0
14983,"AIDS Diagnoses Rate (Per 100,000 people)",2015,Both,Black,41.3,"Charlotte, NC",33.3,49.2
14985,"AIDS Diagnoses Rate (Per 100,000 people)",2015,Both,Black,510.0,"Portland (Multnomah County), OR",451.6,573.8
14989,"AIDS Diagnoses Rate (Per 100,000 people)",2015,Both,Hispanic,5.0,"Oakland (Alameda County), CA",1.6,11.8
14992,"AIDS Diagnoses Rate (Per 100,000 people)",2015,Both,Hispanic,8.6,"Las Vegas (Clark County), NV",6.2,11.0
14993,"AIDS Diagnoses Rate (Per 100,000 people)",2015,Both,Hispanic,9.0,"Los Angeles, CA",7.6,10.3
14995,"AIDS Diagnoses Rate (Per 100,000 people)",2015,Both,Hispanic,11.5,"Charlotte, NC",4.7,18.3
14997,"AIDS Diagnoses Rate (Per 100,000 people)",2015,Both,Hispanic,13.8,"Seattle, WA",6.1,27.4
15000,"AIDS Diagnoses Rate (Per 100,000 people)",2015,Both,Hispanic,395.6,"Portland (Multnomah County), OR",355.4,439.0
15010,"AIDS Diagnoses Rate (Per 100,000 people)",2015,Both,Other,28.4,"Charlotte, NC",3.5,53.2
15016,"AIDS Diagnoses Rate (Per 100,000 people)",2015,Both,White,2.9,"Portland (Multnomah County), OR",1.8,4.6
15017,"AIDS Diagnoses Rate (Per 100,000 people)",2015,Both,White,3.3,"Fort Worth (Tarrant County), TX",2.1,4.5
15018,"AIDS Diagnoses Rate (Per 100,000 people)",2015,Both,White,3.9,"Oakland (Alameda County), CA",1.1,10.1
15022,"AIDS Diagnoses Rate (Per 100,000 people)",2015,Both,White,4.6,"Charlotte, NC",2.3,6.9
15026,"AIDS Diagnoses Rate (Per 100,000 people)",2015,Both,White,6.8,"Seattle, WA",4.7,9.5
15027,"AIDS Diagnoses Rate (Per 100,000 people)",2015,Both,White,7.1,"Las Vegas (Clark County), NV",5.4,8.8
15028,"AIDS Diagnoses Rate (Per 100,000 people)",2015,Both,White,7.8,"Los Angeles, CA",6.3,9.4
15032,"AIDS Diagnoses Rate (Per 100,000 people)",2015,Both,White,360.2,"Portland (Multnomah County), OR",345.7,375.0
15035,"AIDS Diagnoses Rate (Per 100,000 people)",2015,Female,All,1.5,"Oakland (Alameda County), CA",0.3,4.4
15039,"AIDS Diagnoses Rate (Per 100,000 people)",2015,Female,All,2.2,"Los Angeles, CA",1.6,2.8
15040,"AIDS Diagnoses Rate (Per 100,000 people)",2015,Female,All,3.3,"Seattle, WA",1.7,5.8
15041,"AIDS Diagnoses Rate (Per 100,000 people)",2015,Female,All,4.1,"Las Vegas (Clark County), NV",2.8,5.4
15046,"AIDS Diagnoses Rate (Per 100,000 people)",2015,Female,All,13.0,"Charlotte, NC",9.3,16.6
15048,"AIDS Diagnoses Rate (Per 100,000 people)",2015,Female,All,70.4,"Portland (Multnomah County), OR",62.4,79.1
15053,"AIDS Diagnoses Rate (Per 100,000 people)",2015,Male,All,6.5,"Fort Worth (Tarrant County), TX",4.9,8.2
15054,"AIDS Diagnoses Rate (Per 100,000 people)",2015,Male,All,6.7,"Portland (Multnomah County), OR",4.3,9.7
15056,"AIDS Diagnoses Rate (Per 100,000 people)",2015,Male,All,11.1,"Oakland (Alameda County), CA",6.9,16.9
15058,"AIDS Diagnoses Rate (Per 100,000 people)",2015,Male,All,13.4,"Seattle, WA",9.8,17.8
15060,"AIDS Diagnoses Rate (Per 100,000 people)",2015,Male,All,17.5,"Los Angeles, CA",15.7,19.3
15064,"AIDS Diagnoses Rate (Per 100,000 people)",2015,Male,All,24.3,"Charlotte, NC",19.2,29.5
15068,"AIDS Diagnoses Rate (Per 100,000 people)",2015,Male,All,736.6,"Portland (Multnomah County), OR",710.0,763.9
15069,"AIDS Diagnoses Rate (Per 100,000 people)",2016,Both,All,2.5,"Portland (Multnomah County), OR",1.5,3.9
15072,"AIDS Diagnoses Rate (Per 100,000 people)",2016,Both,All,5.9,"Oakland (Alameda County), CA",3.7,8.8
15075,"AIDS Diagnoses Rate (Per 100,000 people)",2016,Both,All,10.9,"Las Vegas (Clark County), NV",9.4,12.3
15081,"AIDS Diagnoses Rate (Per 100,000 people)",2016,Both,Asian/PI,4.5,"Oakland (Alameda County), CA",0.9,13.0
15083,"AIDS Diagnoses Rate (Per 100,000 people)",2016,Both,Asian/PI,7.9,"Las Vegas (Clark County), NV",3.8,12.0
15086,"AIDS Diagnoses Rate (Per 100,000 people)",2016,Both,Black,11.3,"Oakland (Alameda County), CA",5.8,19.7
15091,"AIDS Diagnoses Rate (Per 100,000 people)",2016,Both,Black,35.4,"Las Vegas (Clark County), NV",27.1,43.8
15096,"AIDS Diagnoses Rate (Per 100,000 people)",2016,Both,Hispanic,4.0,"Oakland (Alameda County), CA",1.1,10.3
15098,"AIDS Diagnoses Rate (Per 100,000 people)",2016,Both,Hispanic,10.0,"Las Vegas (Clark County), NV",7.4,12.6
15106,"AIDS Diagnoses Rate (Per 100,000 people)",2016,Both,Other,6.1,"Oakland (Alameda County), CA",0.2,33.8
15107,"AIDS Diagnoses Rate (Per 100,000 people)",2016,Both,Other,13.5,"Las Vegas (Clark County), NV",5.1,21.8
15111,"AIDS Diagnoses Rate (Per 100,000 people)",2016,Both,White,2.9,"Portland (Multnomah County), OR",1.7,4.7
15112,"AIDS Diagnoses Rate (Per 100,000 people)",2016,Both,White,3.0,"Oakland (Alameda County), CA",0.6,8.7
15116,"AIDS Diagnoses Rate (Per 100,000 people)",2016,Both,White,6.6,"Las Vegas (Clark County), NV",5.0,8.3
15121,"AIDS Diagnoses Rate (Per 100,000 people)",2016,Female,All,2.0,"Oakland (Alameda County), CA",0.5,5.1
15122,"AIDS Diagnoses Rate (Per 100,000 people)",2016,Female,All,3.7,"Las Vegas (Clark County), NV",2.5,4.9
15128,"AIDS Diagnoses Rate (Per 100,000 people)",2016,Male,All,4.8,"Portland (Multnomah County), OR",2.9,7.5
15130,"AIDS Diagnoses Rate (Per 100,000 people)",2016,Male,All,10.0,"Oakland (Alameda County), CA",6.0,15.7
15134,"AIDS Diagnoses Rate (Per 100,000 people)",2016,Male,All,17.9,"Las Vegas (Clark County), NV",15.3,20.6
15140,"HIV Diagnoses Rate (Per 100,000 people)",2010,Both,All,17.3,"Las Vegas (Clark County), NV",15.5,19.2
15141,"HIV Diagnoses Rate (Per 100,000 people)",2010,Both,All,17.4,"San Antonio, TX",15.4,19.4
15144,"HIV Diagnoses Rate (Per 100,000 people)",2010,Both,All,23.5,"Oakland (Alameda County), CA",19.0,28.9
15147,"HIV Diagnoses Rate (Per 100,000 people)",2010,Both,All,34.6,"Los Angeles, CA",32.8,36.4
15148,"HIV Diagnoses Rate (Per 100,000 people)",2010,Both,All,38.4,"Charlotte, NC",33.9,42.9
15153,"HIV Diagnoses Rate (Per 100,000 people)",2010,Both,Asian/PI,4.5,"Oakland (Alameda County), CA",0.9,13.0
15157,"HIV Diagnoses Rate (Per 100,000 people)",2010,Both,Asian/PI,9.8,"Los Angeles, CA",6.9,12.6
15158,"HIV Diagnoses Rate (Per 100,000 people)",2010,Both,Asian/PI,10.7,"Las Vegas (Clark County), NV",5.9,15.5
15163,"HIV Diagnoses Rate (Per 100,000 people)",2010,Both,Black,37.1,"San Antonio, TX",26.4,47.8
15164,"HIV Diagnoses Rate (Per 100,000 people)",2010,Both,Black,46.9,"Oakland (Alameda County), CA",34.8,61.8
15165,"HIV Diagnoses Rate (Per 100,000 people)",2010,Both,Black,49.8,"Las Vegas (Clark County), NV",39.9,59.7
15170,"HIV Diagnoses Rate (Per 100,000 people)",2010,Both,Black,78.5,"Los Angeles, CA",69.9,87.0
15171,"HIV Diagnoses Rate (Per 100,000 people)",2010,Both,Black,83.3,"Charlotte, NC",72.1,94.6
15176,"HIV Diagnoses Rate (Per 100,000 people)",2010,Both,Hispanic,16.9,"Las Vegas (Clark County), NV",13.5,20.3
15177,"HIV Diagnoses Rate (Per 100,000 people)",2010,Both,Hispanic,17.2,"Oakland (Alameda County), CA",10.0,27.5
15179,"HIV Diagnoses Rate (Per 100,000 people)",2010,Both,Hispanic,18.1,"San Antonio, TX",15.5,20.7
15180,"HIV Diagnoses Rate (Per 100,000 people)",2010,Both,Hispanic,18.8,"Charlotte, NC",10.1,27.5
15184,"HIV Diagnoses Rate (Per 100,000 people)",2010,Both,Hispanic,31.0,"Los Angeles, CA",28.6,33.5
15188,"HIV Diagnoses Rate (Per 100,000 people)",2010,Both,Other,9.4,"Las Vegas (Clark County), NV",2.4,16.4
15193,"HIV Diagnoses Rate (Per 100,000 people)",2010,Both,Other,36.4,"Oakland (Alameda County), CA",13.3,79.1
15195,"HIV Diagnoses Rate (Per 100,000 people)",2010,Both,Other,51.0,"Charlotte, NC",17.7,84.4
15200,"HIV Diagnoses Rate (Per 100,000 people)",2010,Both,White,10.1,"San Antonio, TX",7.4,19.8
15201,"HIV Diagnoses Rate (Per 100,000 people)",2010,Both,White,12.7,"Charlotte, NC",8.9,16.6
15202,"HIV Diagnoses Rate (Per 100,000 people)",2010,Both,White,12.7,"Las Vegas (Clark County), NV",10.4,15.0
15206,"HIV Diagnoses Rate (Per 100,000 people)",2010,Both,White,15.8,"Oakland (Alameda County), CA",9.0,25.6
15210,"HIV Diagnoses Rate (Per 100,000 people)",2010,Both,White,30.9,"Los Angeles, CA",27.7,34.0
15215,"HIV Diagnoses Rate (Per 100,000 people)",2010,Female,All,5.0,"San Antonio, TX",3.5,6.5
15216,"HIV Diagnoses Rate (Per 100,000 people)",2010,Female,All,5.5,"Las Vegas (Clark County), NV",4.0,6.9
15217,"HIV Diagnoses Rate (Per 100,000 people)",2010,Female,All,6.5,"Oakland (Alameda County), CA",3.4,11.0
15221,"HIV Diagnoses Rate (Per 100,000 people)",2010,Female,All,7.7,"Los Angeles, CA",6.5,8.9
15223,"HIV Diagnoses Rate (Per 100,000 people)",2010,Female,All,19.6,"Charlotte, NC",15.1,24.0
15228,"HIV Diagnoses Rate (Per 100,000 people)",2010,Male,All,29.0,"Las Vegas (Clark County), NV",25.6,32.4
15229,"HIV Diagnoses Rate (Per 100,000 people)",2010,Male,All,30.3,"San Antonio, TX",26.6,34.0
15232,"HIV Diagnoses Rate (Per 100,000 people)",2010,Male,All,41.7,"Oakland (Alameda County), CA",33.0,52.0
15235,"HIV Diagnoses Rate (Per 100,000 people)",2010,Male,All,58.6,"Charlotte, NC",50.6,66.5
15236,"HIV Diagnoses Rate (Per 100,000 people)",2010,Male,All,61.7,"Los Angeles, CA",58.3,65.2
15242,"HIV Diagnoses Rate (Per 100,000 people)",2011,Both,All,15.8,"Portland (Multnomah County), OR",1.6,18.6
15245,"HIV Diagnoses Rate (Per 100,000 people)",2011,Both,All,17.9,"Las Vegas (Clark County), NV",16.1,19.8
15252,"HIV Diagnoses Rate (Per 100,000 people)",2011,Both,All,30.6,"Los Angeles, CA",28.9,32.3
15259,"HIV Diagnoses Rate (Per 100,000 people)",2011,Both,All,41.3,"Charlotte, NC",36.6,46.0
15271,"HIV Diagnoses Rate (Per 100,000 people)",2011,Both,Asian/PI,9.6,"Los Angeles, CA",6.7,12.4
15274,"HIV Diagnoses Rate (Per 100,000 people)",2011,Both,Asian/PI,16.9,"Las Vegas (Clark County), NV",10.8,22.9
15286,"HIV Diagnoses Rate (Per 100,000 people)",2011,Both,Black,52.4,"Las Vegas (Clark County), NV",42.2,62.5
15290,"HIV Diagnoses Rate (Per 100,000 people)",2011,Both,Black,63.2,"Los Angeles, CA",55.6,70.9
15293,"HIV Diagnoses Rate (Per 100,000 people)",2011,Both,Black,80.2,"Charlotte, NC",69.1,91.2
15300,"HIV Diagnoses Rate (Per 100,000 people)",2011,Both,Hispanic,15.9,"Portland (Multnomah County), OR",8.5,27.2
15302,"HIV Diagnoses Rate (Per 100,000 people)",2011,Both,Hispanic,17.6,"Las Vegas (Clark County), NV",14.1,21.0
15309,"HIV Diagnoses Rate (Per 100,000 people)",2011,Both,Hispanic,26.1,"Charlotte, NC",15.9,36.4
15313,"HIV Diagnoses Rate (Per 100,000 people)",2011,Both,Hispanic,28.6,"Los Angeles, CA",26.2,30.9
15325,"HIV Diagnoses Rate (Per 100,000 people)",2011,Both,Other,9.4,"Las Vegas (Clark County), NV",2.4,16.4
15331,"HIV Diagnoses Rate (Per 100,000 people)",2011,Both,Other,102.1,"Charlotte, NC",54.9,149.2
15339,"HIV Diagnoses Rate (Per 100,000 people)",2011,Both,White,12.7,"Las Vegas (Clark County), NV",9.7,14.1
15341,"HIV Diagnoses Rate (Per 100,000 people)",2011,Both,White,16.1,"Charlotte, NC",11.8,20.4
15342,"HIV Diagnoses Rate (Per 100,000 people)",2011,Both,White,16.9,"Portland (Multnomah County), OR",13.4,20.7
15348,"HIV Diagnoses Rate (Per 100,000 people)",2011,Both,White,26.4,"Los Angeles, CA",23.5,29.3
15359,"HIV Diagnoses Rate (Per 100,000 people)",2011,Female,All,5.1,"Las Vegas (Clark County), NV",3.6,6.5
15360,"HIV Diagnoses Rate (Per 100,000 people)",2011,Female,All,5.2,"Los Angeles, CA",4.2,6.2
15373,"HIV Diagnoses Rate (Per 100,000 people)",2011,Female,All,19.9,"Charlotte, NC",15.4,24.3
15378,"HIV Diagnoses Rate (Per 100,000 people)",2011,Male,All,29.0,"Portland (Multnomah County), OR",23.5,34.5
15381,"HIV Diagnoses Rate (Per 100,000 people)",2011,Male,All,30.6,"Las Vegas (Clark County), NV",27.2,34.1
15389,"HIV Diagnoses Rate (Per 100,000 people)",2011,Male,All,56.3,"Los Angeles, CA",53.1,59.6
15395,"HIV Diagnoses Rate (Per 100,000 people)",2011,Male,All,64.2,"Charlotte, NC",55.9,72.6
15406,"HIV Diagnoses Rate (Per 100,000 people)",2012,Both,All,18.7,"Portland (Multnomah County), OR",15.6,21.8
15409,"HIV Diagnoses Rate (Per 100,000 people)",2012,Both,All,23.1,"Indianapolis (Marion County), IN",20.2,26.4
15415,"HIV Diagnoses Rate (Per 100,000 people)",2012,Both,All,31.4,"Los Angeles, CA",29.7,33.1
15418,"HIV Diagnoses Rate (Per 100,000 people)",2012,Both,All,32.5,"Charlotte, NC",28.4,36.7
15438,"HIV Diagnoses Rate (Per 100,000 people)",2012,Both,Asian/PI,13.7,"Los Angeles, CA",10.3,17.1
15443,"HIV Diagnoses Rate (Per 100,000 people)",2012,Both,Black,34.2,"Portland (Multnomah County), OR",18.7,57.4
15455,"HIV Diagnoses Rate (Per 100,000 people)",2012,Both,Black,51.5,"Indianapolis (Marion County), IN",42.5,60.5
15458,"HIV Diagnoses Rate (Per 100,000 people)",2012,Both,Black,63.0,"Los Angeles, CA",55.3,70.6
15460,"HIV Diagnoses Rate (Per 100,000 people)",2012,Both,Black,65.5,"Charlotte, NC",55.5,75.5
15476,"HIV Diagnoses Rate (Per 100,000 people)",2012,Both,Hispanic,20.9,"Charlotte, NC",11.7,30.1
15484,"HIV Diagnoses Rate (Per 100,000 people)",2012,Both,Hispanic,31.0,"Los Angeles, CA",28.6,33.5
15486,"HIV Diagnoses Rate (Per 100,000 people)",2012,Both,Hispanic,32.4,"Portland (Multnomah County), OR",21.4,47.2
15504,"HIV Diagnoses Rate (Per 100,000 people)",2012,Both,Other,68.1,"Charlotte, NC",29.6,106.6
15514,"HIV Diagnoses Rate (Per 100,000 people)",2012,Both,White,10.2,"Indianapolis (Marion County), IN",7.5,12.9
15517,"HIV Diagnoses Rate (Per 100,000 people)",2012,Both,White,11.5,"Charlotte, NC",7.9,15.2
15521,"HIV Diagnoses Rate (Per 100,000 people)",2012,Both,White,16.3,"Portland (Multnomah County), OR",13.1,20.1
15528,"HIV Diagnoses Rate (Per 100,000 people)",2012,Both,White,25.3,"Los Angeles, CA",22.4,28.1
15538,"HIV Diagnoses Rate (Per 100,000 people)",2012,Female,All,3.1,"Portland (Multnomah County), OR",1.6,5.5
15548,"HIV Diagnoses Rate (Per 100,000 people)",2012,Female,All,5.9,"Los Angeles, CA",4.8,6.9
15552,"HIV Diagnoses Rate (Per 100,000 people)",2012,Female,All,10.3,"Charlotte, NC",7.1,13.6
15572,"HIV Diagnoses Rate (Per 100,000 people)",2012,Male,All,34.7,"Portland (Multnomah County), OR",28.7,40.7
15574,"HIV Diagnoses Rate (Per 100,000 people)",2012,Male,All,38.9,"Indianapolis (Marion County), IN",33.0,44.7
15582,"HIV Diagnoses Rate (Per 100,000 people)",2012,Male,All,56.3,"Charlotte, NC",48.5,64.1
15583,"HIV Diagnoses Rate (Per 100,000 people)",2012,Male,All,57.2,"Los Angeles, CA",53.9,60.5
15595,"HIV Diagnoses Rate (Per 100,000 people)",2013,Both,All,13.6,"Portland (Multnomah County), OR",11.0,16.2
15603,"HIV Diagnoses Rate (Per 100,000 people)",2013,Both,All,22.4,"Indianapolis (Marion County), IN",19.6,25.7
15605,"HIV Diagnoses Rate (Per 100,000 people)",2013,Both,All,26.5,"Los Angeles, CA",24.9,28.1
15608,"HIV Diagnoses Rate (Per 100,000 people)",2013,Both,All,30.5,"Charlotte, NC",26.5,34.5
15625,"HIV Diagnoses Rate (Per 100,000 people)",2013,Both,Asian/PI,9.1,"Los Angeles, CA",6.4,11.9
15630,"HIV Diagnoses Rate (Per 100,000 people)",2013,Both,Asian/PI,21.9,"Charlotte, NC",6.7,37.1
15635,"HIV Diagnoses Rate (Per 100,000 people)",2013,Both,Black,31.9,"Portland (Multnomah County), OR",17.0,54.6
15647,"HIV Diagnoses Rate (Per 100,000 people)",2013,Both,Black,50.3,"Indianapolis (Marion County), IN",41.5,59.1
15649,"HIV Diagnoses Rate (Per 100,000 people)",2013,Both,Black,58.7,"Charlotte, NC",49.3,68.2
15650,"HIV Diagnoses Rate (Per 100,000 people)",2013,Both,Black,61.1,"Los Angeles, CA",53.5,68.6
15665,"HIV Diagnoses Rate (Per 100,000 people)",2013,Both,Hispanic,17.6,"Portland (Multnomah County), OR",9.9,29.1
15671,"HIV Diagnoses Rate (Per 100,000 people)",2013,Both,Hispanic,23.0,"Charlotte, NC",13.4,32.6
15673,"HIV Diagnoses Rate (Per 100,000 people)",2013,Both,Hispanic,24.9,"Los Angeles, CA",22.7,27.0
15703,"HIV Diagnoses Rate (Per 100,000 people)",2013,Both,White,8.5,"Indianapolis (Marion County), IN",6.0,11.0
15709,"HIV Diagnoses Rate (Per 100,000 people)",2013,Both,White,12.6,"Portland (Multnomah County), OR",9.8,15.9
15710,"HIV Diagnoses Rate (Per 100,000 people)",2013,Both,White,12.7,"Charlotte, NC",8.9,16.6
15719,"HIV Diagnoses Rate (Per 100,000 people)",2013,Both,White,21.8,"Los Angeles, CA",19.2,24.4
15736,"HIV Diagnoses Rate (Per 100,000 people)",2013,Female,All,5.9,"Los Angeles, CA",4.9,7.0
15739,"HIV Diagnoses Rate (Per 100,000 people)",2013,Female,All,9.1,"Indianapolis (Marion County), IN",6.4,11.8
15742,"HIV Diagnoses Rate (Per 100,000 people)",2013,Female,All,11.9,"Charlotte, NC",8.4,15.4
15753,"HIV Diagnoses Rate (Per 100,000 people)",2013,Male,All,25.1,"Portland (Multnomah County), OR",20.3,30.7
15761,"HIV Diagnoses Rate (Per 100,000 people)",2013,Male,All,36.7,"Indianapolis (Marion County), IN",31.1,42.3
15766,"HIV Diagnoses Rate (Per 100,000 people)",2013,Male,All,47.3,"Los Angeles, CA",44.3,50.3
15768,"HIV Diagnoses Rate (Per 100,000 people)",2013,Male,All,50.4,"Charlotte, NC",43.0,57.8
15783,"HIV Diagnoses Rate (Per 100,000 people)",2014,Both,All,15.6,"Portland (Multnomah County), OR",12.8,18.4
15784,"HIV Diagnoses Rate (Per 100,000 people)",2014,Both,All,17.4,"San Antonio, TX",15.5,19.3
15788,"HIV Diagnoses Rate (Per 100,000 people)",2014,Both,All,22.8,"Oakland (Alameda County), CA",18.3,28.0
15789,"HIV Diagnoses Rate (Per 100,000 people)",2014,Both,All,24.4,"Indianapolis (Marion County), IN",21.4,27.8
15793,"HIV Diagnoses Rate (Per 100,000 people)",2014,Both,All,31.8,"Los Angeles, CA",30.1,33.5
15797,"HIV Diagnoses Rate (Per 100,000 people)",2014,Both,All,39.9,"Charlotte, NC",35.3,44.5
15808,"HIV Diagnoses Rate (Per 100,000 people)",2014,Both,Asian/PI,11.9,"Los Angeles, CA",8.8,15.1
15811,"HIV Diagnoses Rate (Per 100,000 people)",2014,Both,Asian/PI,16.4,"Oakland (Alameda County), CA",8.2,29.3
15812,"HIV Diagnoses Rate (Per 100,000 people)",2014,Both,Asian/PI,21.5,"Seattle, WA",13.7,32.4
15813,"HIV Diagnoses Rate (Per 100,000 people)",2014,Both,Asian/PI,21.9,"Charlotte, NC",6.7,37.1
15819,"HIV Diagnoses Rate (Per 100,000 people)",2014,Both,Black,29.2,"Portland (Multnomah County), OR",15.1,51.0
15821,"HIV Diagnoses Rate (Per 100,000 people)",2014,Both,Black,33.3,"San Antonio, TX",23.7,43.0
15825,"HIV Diagnoses Rate (Per 100,000 people)",2014,Both,Black,41.3,"Oakland (Alameda County), CA",30.0,55.4
15826,"HIV Diagnoses Rate (Per 100,000 people)",2014,Both,Black,48.9,"Indianapolis (Marion County), IN",40.3,57.5
15833,"HIV Diagnoses Rate (Per 100,000 people)",2014,Both,Black,62.5,"Los Angeles, CA",54.9,70.1
15834,"HIV Diagnoses Rate (Per 100,000 people)",2014,Both,Black,65.3,"Seattle, WA",46.2,89.8
15836,"HIV Diagnoses Rate (Per 100,000 people)",2014,Both,Black,81.0,"Charlotte, NC",69.8,92.1
15844,"HIV Diagnoses Rate (Per 100,000 people)",2014,Both,Hispanic,17.2,"Oakland (Alameda County), CA",10.0,27.5
15848,"HIV Diagnoses Rate (Per 100,000 people)",2014,Both,Hispanic,18.9,"San Antonio, TX",16.4,21.5
15851,"HIV Diagnoses Rate (Per 100,000 people)",2014,Both,Hispanic,26.1,"Charlotte, NC",15.9,36.4
15852,"HIV Diagnoses Rate (Per 100,000 people)",2014,Both,Hispanic,26.4,"Portland (Multnomah County), OR",16.8,39.7
15855,"HIV Diagnoses Rate (Per 100,000 people)",2014,Both,Hispanic,32.5,"Los Angeles, CA",30.0,35.0
15859,"HIV Diagnoses Rate (Per 100,000 people)",2014,Both,Hispanic,44.4,"Seattle, WA",28.2,66.7
15871,"HIV Diagnoses Rate (Per 100,000 people)",2014,Both,Other,22.0,"Seattle, WA",10.7,40.3
15873,"HIV Diagnoses Rate (Per 100,000 people)",2014,Both,Other,39.7,"Charlotte, NC",10.3,69.1
15883,"HIV Diagnoses Rate (Per 100,000 people)",2014,Both,White,9.7,"San Antonio, TX",7.1,12.3
15885,"HIV Diagnoses Rate (Per 100,000 people)",2014,Both,White,12.0,"Indianapolis (Marion County), IN",9.1,15.0
15888,"HIV Diagnoses Rate (Per 100,000 people)",2014,Both,White,13.5,"Portland (Multnomah County), OR",10.7,17.0
15889,"HIV Diagnoses Rate (Per 100,000 people)",2014,Both,White,14.6,"Charlotte, NC",10.4,18.7
15893,"HIV Diagnoses Rate (Per 100,000 people)",2014,Both,White,16.8,"Oakland (Alameda County), CA",9.8,26.9
15894,"HIV Diagnoses Rate (Per 100,000 people)",2014,Both,White,22.0,"Seattle, WA",18.0,26.7
15897,"HIV Diagnoses Rate (Per 100,000 people)",2014,Both,White,24.7,"Los Angeles, CA",21.9,27.5
15905,"HIV Diagnoses Rate (Per 100,000 people)",2014,Female,All,3.1,"Portland (Multnomah County), OR",1.6,5.3
15908,"HIV Diagnoses Rate (Per 100,000 people)",2014,Female,All,4.8,"San Antonio, TX",3.4,6.2
15909,"HIV Diagnoses Rate (Per 100,000 people)",2014,Female,All,5.0,"Seattle, WA",3.0,8.0
15913,"HIV Diagnoses Rate (Per 100,000 people)",2014,Female,All,5.8,"Los Angeles, CA",4.7,6.8
15915,"HIV Diagnoses Rate (Per 100,000 people)",2014,Female,All,8.0,"Oakland (Alameda County), CA",4.5,12.9
15916,"HIV Diagnoses Rate (Per 100,000 people)",2014,Female,All,9.3,"Indianapolis (Marion County), IN",6.6,12.0
15918,"HIV Diagnoses Rate (Per 100,000 people)",2014,Female,All,12.7,"Charlotte, NC",9.1,16.3
15931,"HIV Diagnoses Rate (Per 100,000 people)",2014,Male,All,28.4,"Portland (Multnomah County), OR",23.1,33.7
15932,"HIV Diagnoses Rate (Per 100,000 people)",2014,Male,All,30.5,"San Antonio, TX",26.9,34.1
15936,"HIV Diagnoses Rate (Per 100,000 people)",2014,Male,All,38.5,"Oakland (Alameda County), CA",30.2,48.4
15937,"HIV Diagnoses Rate (Per 100,000 people)",2014,Male,All,40.7,"Indianapolis (Marion County), IN",34.8,46.6
15939,"HIV Diagnoses Rate (Per 100,000 people)",2014,Male,All,47.0,"Seattle, WA",39.9,55.1
15942,"HIV Diagnoses Rate (Per 100,000 people)",2014,Male,All,58.0,"Los Angeles, CA",54.7,61.4
15945,"HIV Diagnoses Rate (Per 100,000 people)",2014,Male,All,69.0,"Charlotte, NC",60.4,77.7
15949,"HIV Diagnoses Rate (Per 100,000 people)",2015,Both,All,10.8,"Portland (Multnomah County), OR",8.6,13.3
15953,"HIV Diagnoses Rate (Per 100,000 people)",2015,Both,All,19.2,"San Antonio, TX",17.2,21.2
15954,"HIV Diagnoses Rate (Per 100,000 people)",2015,Both,All,21.1,"Seattle, WA",17.8,24.9
15957,"HIV Diagnoses Rate (Per 100,000 people)",2015,Both,All,22.4,"Las Vegas (Clark County), NV",20.3,24.5
15958,"HIV Diagnoses Rate (Per 100,000 people)",2015,Both,All,30.7,"Los Angeles, CA",29.0,32.4
15960,"HIV Diagnoses Rate (Per 100,000 people)",2015,Both,All,31.2,"Oakland (Alameda County), CA",25.7,36.8
15964,"HIV Diagnoses Rate (Per 100,000 people)",2015,Both,All,37.5,"Charlotte, NC",33.0,41.9
15972,"HIV Diagnoses Rate (Per 100,000 people)",2015,Both,Asian/PI,11.1,"Los Angeles, CA",8.0,14.1
15973,"HIV Diagnoses Rate (Per 100,000 people)",2015,Both,Asian/PI,11.9,"Oakland (Alameda County), CA",5.1,23.5
15975,"HIV Diagnoses Rate (Per 100,000 people)",2015,Both,Asian/PI,19.1,"Las Vegas (Clark County), NV",12.7,25.6
15976,"HIV Diagnoses Rate (Per 100,000 people)",2015,Both,Asian/PI,19.4,"Seattle, WA",12.2,29.4
15981,"HIV Diagnoses Rate (Per 100,000 people)",2015,Both,Black,37.9,"San Antonio, TX",27.8,48.1
15984,"HIV Diagnoses Rate (Per 100,000 people)",2015,Both,Black,46.5,"Seattle, WA",31.0,67.1
15987,"HIV Diagnoses Rate (Per 100,000 people)",2015,Both,Black,57.2,"Oakland (Alameda County), CA",43.8,73.5
15988,"HIV Diagnoses Rate (Per 100,000 people)",2015,Both,Black,59.0,"Las Vegas (Clark County), NV",48.2,69.8
15990,"HIV Diagnoses Rate (Per 100,000 people)",2015,Both,Black,72.0,"Los Angeles, CA",63.8,80.1
15993,"HIV Diagnoses Rate (Per 100,000 people)",2015,Both,Black,80.6,"Charlotte, NC",69.5,91.6
15996,"HIV Diagnoses Rate (Per 100,000 people)",2015,Both,Hispanic,13.4,"Portland (Multnomah County), OR",6.9,23.5
16001,"HIV Diagnoses Rate (Per 100,000 people)",2015,Both,Hispanic,21.8,"San Antonio, TX",19.0,24.5
16003,"HIV Diagnoses Rate (Per 100,000 people)",2015,Both,Hispanic,23.7,"Las Vegas (Clark County), NV",19.7,27.7
16005,"HIV Diagnoses Rate (Per 100,000 people)",2015,Both,Hispanic,28.3,"Oakland (Alameda County), CA",18.8,40.8
16006,"HIV Diagnoses Rate (Per 100,000 people)",2015,Both,Hispanic,28.9,"Los Angeles, CA",26.5,31.2
16007,"HIV Diagnoses Rate (Per 100,000 people)",2015,Both,Hispanic,29.3,"Charlotte, NC",18.4,40.1
16010,"HIV Diagnoses Rate (Per 100,000 people)",2015,Both,Hispanic,55.6,"Seattle, WA",37.7,79.4
16012,"HIV Diagnoses Rate (Per 100,000 people)",2015,Both,Other,11.0,"San Antonio, TX",2.9,19.2
16014,"HIV Diagnoses Rate (Per 100,000 people)",2015,Both,Other,14.8,"Las Vegas (Clark County), NV",6.1,23.6
16016,"HIV Diagnoses Rate (Per 100,000 people)",2015,Both,Other,18.2,"Oakland (Alameda County), CA",3.7,53.1
16020,"HIV Diagnoses Rate (Per 100,000 people)",2015,Both,Other,45.4,"Charlotte, NC",13.9,76.8
16023,"HIV Diagnoses Rate (Per 100,000 people)",2015,Both,White,9.3,"San Antonio, TX",6.8,11.8
16026,"HIV Diagnoses Rate (Per 100,000 people)",2015,Both,White,10.3,"Charlotte, NC",6.9,13.8
16027,"HIV Diagnoses Rate (Per 100,000 people)",2015,Both,White,10.6,"Portland (Multnomah County), OR",8.2,13.4
16030,"HIV Diagnoses Rate (Per 100,000 people)",2015,Both,White,15.2,"Las Vegas (Clark County), NV",12.7,17.7
16032,"HIV Diagnoses Rate (Per 100,000 people)",2015,Both,White,16.9,"Seattle, WA",13.4,21.0
16036,"HIV Diagnoses Rate (Per 100,000 people)",2015,Both,White,21.7,"Oakland (Alameda County), CA",13.6,32.9
16037,"HIV Diagnoses Rate (Per 100,000 people)",2015,Both,White,23.4,"Los Angeles, CA",20.6,26.1
16040,"HIV Diagnoses Rate (Per 100,000 people)",2015,Female,All,3.9,"Seattle, WA",2.2,6.5
16041,"HIV Diagnoses Rate (Per 100,000 people)",2015,Female,All,4.2,"San Antonio, TX",2.9,5.5
16044,"HIV Diagnoses Rate (Per 100,000 people)",2015,Female,All,6.0,"Los Angeles, CA",5.0,7.1
16045,"HIV Diagnoses Rate (Per 100,000 people)",2015,Female,All,6.3,"Las Vegas (Clark County), NV",4.7,7.9
16046,"HIV Diagnoses Rate (Per 100,000 people)",2015,Female,All,10.9,"Oakland (Alameda County), CA",6.9,16.6
16050,"HIV Diagnoses Rate (Per 100,000 people)",2015,Female,All,13.5,"Charlotte, NC",9.8,17.2
16054,"HIV Diagnoses Rate (Per 100,000 people)",2015,Male,All,19.7,"Portland (Multnomah County), OR",15.5,24.6
16057,"HIV Diagnoses Rate (Per 100,000 people)",2015,Male,All,34.7,"San Antonio, TX",30.9,38.5
16058,"HIV Diagnoses Rate (Per 100,000 people)",2015,Male,All,38.3,"Las Vegas (Clark County), NV",34.4,42.2
16059,"HIV Diagnoses Rate (Per 100,000 people)",2015,Male,All,38.6,"Seattle, WA",32.3,45.8
16062,"HIV Diagnoses Rate (Per 100,000 people)",2015,Male,All,52.8,"Oakland (Alameda County), CA",42.4,63.1
16064,"HIV Diagnoses Rate (Per 100,000 people)",2015,Male,All,55.6,"Los Angeles, CA",52.4,58.9
16067,"HIV Diagnoses Rate (Per 100,000 people)",2015,Male,All,63.1,"Charlotte, NC",54.8,71.4
16069,"HIV Diagnoses Rate (Per 100,000 people)",2016,Both,All,10.6,"Portland (Multnomah County), OR",8.5,13.1
16074,"HIV Diagnoses Rate (Per 100,000 people)",2016,Both,All,24.0,"Las Vegas (Clark County), NV",21.9,26.2
16075,"HIV Diagnoses Rate (Per 100,000 people)",2016,Both,All,30.7,"Oakland (Alameda County), CA",25.2,36.2
16083,"HIV Diagnoses Rate (Per 100,000 people)",2016,Both,Asian/PI,12.4,"Las Vegas (Clark County), NV",7.2,17.6
16089,"HIV Diagnoses Rate (Per 100,000 people)",2016,Both,Black,52.5,"Oakland (Alameda County), CA",39.7,68.2
16092,"HIV Diagnoses Rate (Per 100,000 people)",2016,Both,Black,84.2,"Las Vegas (Clark County), NV",71.3,97.1
16096,"HIV Diagnoses Rate (Per 100,000 people)",2016,Both,Hispanic,20.9,"Portland (Multnomah County), OR",12.6,32.7
16098,"HIV Diagnoses Rate (Per 100,000 people)",2016,Both,Hispanic,25.7,"Las Vegas (Clark County), NV",21.5,29.8
16101,"HIV Diagnoses Rate (Per 100,000 people)",2016,Both,Hispanic,34.3,"Oakland (Alameda County), CA",23.8,48.0
16107,"HIV Diagnoses Rate (Per 100,000 people)",2016,Both,Other,24.2,"Oakland (Alameda County), CA",6.6,62.1
16113,"HIV Diagnoses Rate (Per 100,000 people)",2016,Both,White,13.6,"Las Vegas (Clark County), NV",11.2,15.9
16116,"HIV Diagnoses Rate (Per 100,000 people)",2016,Both,White,22.7,"Oakland (Alameda County), CA",14.4,34.1
16121,"HIV Diagnoses Rate (Per 100,000 people)",2016,Female,All,6.9,"Las Vegas (Clark County), NV",5.3,8.6
16122,"HIV Diagnoses Rate (Per 100,000 people)",2016,Female,All,9.4,"Oakland (Alameda County), CA",5.7,14.7
16127,"HIV Diagnoses Rate (Per 100,000 people)",2016,Male,All,20.2,"Portland (Multnomah County), OR",16.0,25.1
16131,"HIV Diagnoses Rate (Per 100,000 people)",2016,Male,All,40.9,"Las Vegas (Clark County), NV",36.9,44.9
16134,"HIV Diagnoses Rate (Per 100,000 people)",2016,Male,All,53.3,"Oakland (Alameda County), CA",42.9,63.7
16137,"HIV-Related Mortality Rate (Age-Adjusted; Per 100,000 people)",2010,Both,All,2.1,"San Diego County, CA",1.6,2.6
16140,"HIV-Related Mortality Rate (Age-Adjusted; Per 100,000 people)",2010,Both,All,2.7,"Las Vegas (Clark County), NV",1.9,3.4
16142,"HIV-Related Mortality Rate (Age-Adjusted; Per 100,000 people)",2010,Both,All,3.4,"San Antonio, TX",2.5,4.4
16144,"HIV-Related Mortality Rate (Age-Adjusted; Per 100,000 people)",2010,Both,All,3.5,"Seattle, WA",2.2,5.5
16146,"HIV-Related Mortality Rate (Age-Adjusted; Per 100,000 people)",2010,Both,All,3.9,"Oakland (Alameda County), CA",2.2,6.3
16152,"HIV-Related Mortality Rate (Age-Adjusted; Per 100,000 people)",2010,Both,All,7.3,"San Francisco, CA",6.3,8.5
16161,"HIV-Related Mortality Rate (Age-Adjusted; Per 100,000 people)",2010,Both,Asian/PI,1.1,"San Francisco, CA",0.6,2.1
16162,"HIV-Related Mortality Rate (Age-Adjusted; Per 100,000 people)",2010,Both,Asian/PI,1.5,"Las Vegas (Clark County), NV",0.0,3.1
16169,"HIV-Related Mortality Rate (Age-Adjusted; Per 100,000 people)",2010,Both,Black,7.2,"Las Vegas (Clark County), NV",3.4,10.9
16170,"HIV-Related Mortality Rate (Age-Adjusted; Per 100,000 people)",2010,Both,Black,8.8,"Oakland (Alameda County), CA",4.4,15.7
16174,"HIV-Related Mortality Rate (Age-Adjusted; Per 100,000 people)",2010,Both,Black,11.8,"Seattle, WA",4.3,28.4
16181,"HIV-Related Mortality Rate (Age-Adjusted; Per 100,000 people)",2010,Both,Black,22.3,"San Francisco, CA",15.7,31.0
16189,"HIV-Related Mortality Rate (Age-Adjusted; Per 100,000 people)",2010,Both,Hispanic,1.6,"Las Vegas (Clark County), NV",0.5,2.7
16194,"HIV-Related Mortality Rate (Age-Adjusted; Per 100,000 people)",2010,Both,Hispanic,3.5,"San Antonio, TX",2.4,4.9
16199,"HIV-Related Mortality Rate (Age-Adjusted; Per 100,000 people)",2010,Both,Hispanic,8.4,"San Francisco, CA",5.6,12.4
16207,"HIV-Related Mortality Rate (Age-Adjusted; Per 100,000 people)",2010,Both,Other,2.1,"Las Vegas (Clark County), NV",0.0,6.3
16216,"HIV-Related Mortality Rate (Age-Adjusted; Per 100,000 people)",2010,Both,White,1.9,"San Diego County, CA",1.3,2.7
16221,"HIV-Related Mortality Rate (Age-Adjusted; Per 100,000 people)",2010,Both,White,2.4,"Las Vegas (Clark County), NV",1.5,3.3
16224,"HIV-Related Mortality Rate (Age-Adjusted; Per 100,000 people)",2010,Both,White,3.4,"Seattle, WA",1.9,6.2
16228,"HIV-Related Mortality Rate (Age-Adjusted; Per 100,000 people)",2010,Both,White,9.3,"San Francisco, CA",7.6,11.3
16237,"HIV-Related Mortality Rate (Age-Adjusted; Per 100,000 people)",2010,Female,All,1.2,"Las Vegas (Clark County), NV",0.5,1.9
16241,"HIV-Related Mortality Rate (Age-Adjusted; Per 100,000 people)",2010,Female,All,1.6,"San Francisco, CA",1.0,2.5
16254,"HIV-Related Mortality Rate (Age-Adjusted; Per 100,000 people)",2010,Male,All,4.0,"San Diego County, CA",3.0,5.1
16255,"HIV-Related Mortality Rate (Age-Adjusted; Per 100,000 people)",2010,Male,All,4.1,"Las Vegas (Clark County), NV",2.8,5.3
16258,"HIV-Related Mortality Rate (Age-Adjusted; Per 100,000 people)",2010,Male,All,5.5,"San Antonio, TX",4.0,7.5
16259,"HIV-Related Mortality Rate (Age-Adjusted; Per 100,000 people)",2010,Male,All,6.1,"Oakland (Alameda County), CA",3.2,10.7
16262,"HIV-Related Mortality Rate (Age-Adjusted; Per 100,000 people)",2010,Male,All,6.9,"Seattle, WA",4.3,11.0
16267,"HIV-Related Mortality Rate (Age-Adjusted; Per 100,000 people)",2010,Male,All,12.6,"San Francisco, CA",10.8,14.6
16273,"HIV-Related Mortality Rate (Age-Adjusted; Per 100,000 people)",2011,Both,All,1.9,"San Diego County, CA",1.4,2.4
16279,"HIV-Related Mortality Rate (Age-Adjusted; Per 100,000 people)",2011,Both,All,3.4,"Las Vegas (Clark County), NV",2.6,4.2
16296,"HIV-Related Mortality Rate (Age-Adjusted; Per 100,000 people)",2011,Both,Asian/PI,1.0,"Las Vegas (Clark County), NV",0.0,2.5
16313,"HIV-Related Mortality Rate (Age-Adjusted; Per 100,000 people)",2011,Both,Black,14.9,"Las Vegas (Clark County), NV",9.3,20.6
16323,"HIV-Related Mortality Rate (Age-Adjusted; Per 100,000 people)",2011,Both,Hispanic,2.3,"Las Vegas (Clark County), NV",0.9,3.6
16347,"HIV-Related Mortality Rate (Age-Adjusted; Per 100,000 people)",2011,Both,White,1.8,"San Diego County, CA",1.2,2.5
16353,"HIV-Related Mortality Rate (Age-Adjusted; Per 100,000 people)",2011,Both,White,2.5,"Las Vegas (Clark County), NV",1.5,3.4
16366,"HIV-Related Mortality Rate (Age-Adjusted; Per 100,000 people)",2011,Female,All,1.6,"Las Vegas (Clark County), NV",0.8,2.4
16380,"HIV-Related Mortality Rate (Age-Adjusted; Per 100,000 people)",2011,Male,All,3.6,"San Diego County, CA",2.7,4.7
16384,"HIV-Related Mortality Rate (Age-Adjusted; Per 100,000 people)",2011,Male,All,5.2,"Las Vegas (Clark County), NV",3.8,6.7
16400,"HIV-Related Mortality Rate (Age-Adjusted; Per 100,000 people)",2012,Both,All,1.8,"San Diego County, CA",1.3,2.3
16406,"HIV-Related Mortality Rate (Age-Adjusted; Per 100,000 people)",2012,Both,All,2.8,"Portland (Multnomah County), OR",1.8,4.3
16411,"HIV-Related Mortality Rate (Age-Adjusted; Per 100,000 people)",2012,Both,All,3.8,"Las Vegas (Clark County), NV",3.0,4.7
16417,"HIV-Related Mortality Rate (Age-Adjusted; Per 100,000 people)",2012,Both,All,9.4,"Oakland (Alameda County), CA",5.7,14.8
16430,"HIV-Related Mortality Rate (Age-Adjusted; Per 100,000 people)",2012,Both,Asian/PI,2.1,"Las Vegas (Clark County), NV",0.0,4.2
16443,"HIV-Related Mortality Rate (Age-Adjusted; Per 100,000 people)",2012,Both,Black,9.4,"Oakland (Alameda County), CA",4.7,16.9
16445,"HIV-Related Mortality Rate (Age-Adjusted; Per 100,000 people)",2012,Both,Black,11.0,"Las Vegas (Clark County), NV",6.3,15.7
16460,"HIV-Related Mortality Rate (Age-Adjusted; Per 100,000 people)",2012,Both,Hispanic,3.3,"Las Vegas (Clark County), NV",1.6,5.0
16482,"HIV-Related Mortality Rate (Age-Adjusted; Per 100,000 people)",2012,Both,White,1.5,"San Diego County, CA",1.0,2.2
16491,"HIV-Related Mortality Rate (Age-Adjusted; Per 100,000 people)",2012,Both,White,3.3,"Las Vegas (Clark County), NV",2.2,4.4
16503,"HIV-Related Mortality Rate (Age-Adjusted; Per 100,000 people)",2012,Female,All,1.3,"Las Vegas (Clark County), NV",0.6,2.0
16520,"HIV-Related Mortality Rate (Age-Adjusted; Per 100,000 people)",2012,Male,All,3.1,"San Diego County, CA",2.3,4.1
16529,"HIV-Related Mortality Rate (Age-Adjusted; Per 100,000 people)",2012,Male,All,6.4,"Las Vegas (Clark County), NV",4.8,7.9
16532,"HIV-Related Mortality Rate (Age-Adjusted; Per 100,000 people)",2012,Male,All,8.4,"Oakland (Alameda County), CA",4.9,13.4
16541,"HIV-Related Mortality Rate (Age-Adjusted; Per 100,000 people)",2013,Both,All,1.8,"San Diego County, CA",1.3,2.3
16543,"HIV-Related Mortality Rate (Age-Adjusted; Per 100,000 people)",2013,Both,All,2.5,"Portland (Multnomah County), OR",1.6,3.8
16545,"HIV-Related Mortality Rate (Age-Adjusted; Per 100,000 people)",2013,Both,All,2.8,"Fort Worth (Tarrant County), TX",2.1,3.7
16547,"HIV-Related Mortality Rate (Age-Adjusted; Per 100,000 people)",2013,Both,All,3.3,"Las Vegas (Clark County), NV",2.5,4.1
16552,"HIV-Related Mortality Rate (Age-Adjusted; Per 100,000 people)",2013,Both,All,4.7,"Oakland (Alameda County), CA",2.9,7.2
16554,"HIV-Related Mortality Rate (Age-Adjusted; Per 100,000 people)",2013,Both,All,6.6,"San Francisco, CA",5.6,7.6
16567,"HIV-Related Mortality Rate (Age-Adjusted; Per 100,000 people)",2013,Both,Asian/PI,0.8,"San Francisco, CA",0.3,1.6
16568,"HIV-Related Mortality Rate (Age-Adjusted; Per 100,000 people)",2013,Both,Asian/PI,1.0,"Las Vegas (Clark County), NV",0.0,2.4
16579,"HIV-Related Mortality Rate (Age-Adjusted; Per 100,000 people)",2013,Both,Black,8.5,"Oakland (Alameda County), CA",4.1,15.6
16580,"HIV-Related Mortality Rate (Age-Adjusted; Per 100,000 people)",2013,Both,Black,9.0,"Fort Worth (Tarrant County), TX",5.8,13.4
16587,"HIV-Related Mortality Rate (Age-Adjusted; Per 100,000 people)",2013,Both,Black,15.9,"San Francisco, CA",10.9,23.0
16599,"HIV-Related Mortality Rate (Age-Adjusted; Per 100,000 people)",2013,Both,Hispanic,3.2,"Las Vegas (Clark County), NV",1.5,4.9
16604,"HIV-Related Mortality Rate (Age-Adjusted; Per 100,000 people)",2013,Both,Hispanic,10.6,"San Francisco, CA",7.3,15.0
16622,"HIV-Related Mortality Rate (Age-Adjusted; Per 100,000 people)",2013,Both,White,2.1,"Fort Worth (Tarrant County), TX",1.3,3.1
16623,"HIV-Related Mortality Rate (Age-Adjusted; Per 100,000 people)",2013,Both,White,2.1,"San Diego County, CA",1.5,2.9
16624,"HIV-Related Mortality Rate (Age-Adjusted; Per 100,000 people)",2013,Both,White,2.2,"Las Vegas (Clark County), NV",1.4,3.1
16634,"HIV-Related Mortality Rate (Age-Adjusted; Per 100,000 people)",2013,Both,White,8.3,"San Francisco, CA",6.7,10.2
16643,"HIV-Related Mortality Rate (Age-Adjusted; Per 100,000 people)",2013,Female,All,1.6,"San Francisco, CA",1.0,2.4
16657,"HIV-Related Mortality Rate (Age-Adjusted; Per 100,000 people)",2013,Male,All,2.9,"San Diego County, CA",2.1,3.8
16660,"HIV-Related Mortality Rate (Age-Adjusted; Per 100,000 people)",2013,Male,All,4.7,"Portland (Multnomah County), OR",2.8,7.3
16661,"HIV-Related Mortality Rate (Age-Adjusted; Per 100,000 people)",2013,Male,All,4.9,"Fort Worth (Tarrant County), TX",3.6,6.6
16662,"HIV-Related Mortality Rate (Age-Adjusted; Per 100,000 people)",2013,Male,All,5.5,"Las Vegas (Clark County), NV",4.0,6.9
16666,"HIV-Related Mortality Rate (Age-Adjusted; Per 100,000 people)",2013,Male,All,7.2,"Oakland (Alameda County), CA",4.0,11.9
16672,"HIV-Related Mortality Rate (Age-Adjusted; Per 100,000 people)",2013,Male,All,11.4,"San Francisco, CA",9.7,13.3
16680,"HIV-Related Mortality Rate (Age-Adjusted; Per 100,000 people)",2014,Both,All,2.6,"Seattle, WA",1.6,4.4
16681,"HIV-Related Mortality Rate (Age-Adjusted; Per 100,000 people)",2014,Both,All,2.7,"Las Vegas (Clark County), NV",2.0,3.5
16682,"HIV-Related Mortality Rate (Age-Adjusted; Per 100,000 people)",2014,Both,All,2.9,"Fort Worth (Tarrant County), TX",2.2,3.7
16686,"HIV-Related Mortality Rate (Age-Adjusted; Per 100,000 people)",2014,Both,All,3.5,"Oakland (Alameda County), CA",1.9,5.7
16687,"HIV-Related Mortality Rate (Age-Adjusted; Per 100,000 people)",2014,Both,All,3.5,"San Antonio, TX",2.7,4.5
16711,"HIV-Related Mortality Rate (Age-Adjusted; Per 100,000 people)",2014,Both,Black,6.0,"Las Vegas (Clark County), NV",2.6,9.4
16712,"HIV-Related Mortality Rate (Age-Adjusted; Per 100,000 people)",2014,Both,Black,6.9,"Fort Worth (Tarrant County), TX",4.3,10.6
16714,"HIV-Related Mortality Rate (Age-Adjusted; Per 100,000 people)",2014,Both,Black,7.5,"Oakland (Alameda County), CA",3.6,13.7
16730,"HIV-Related Mortality Rate (Age-Adjusted; Per 100,000 people)",2014,Both,Hispanic,2.3,"Las Vegas (Clark County), NV",1.0,3.7
16732,"HIV-Related Mortality Rate (Age-Adjusted; Per 100,000 people)",2014,Both,Hispanic,3.6,"San Antonio, TX",2.5,5.1
16752,"HIV-Related Mortality Rate (Age-Adjusted; Per 100,000 people)",2014,Both,White,1.1,"San Diego County, CA",0.7,1.6
16758,"HIV-Related Mortality Rate (Age-Adjusted; Per 100,000 people)",2014,Both,White,2.6,"Fort Worth (Tarrant County), TX",1.7,3.8
16759,"HIV-Related Mortality Rate (Age-Adjusted; Per 100,000 people)",2014,Both,White,2.8,"Seattle, WA",1.5,5.4
16760,"HIV-Related Mortality Rate (Age-Adjusted; Per 100,000 people)",2014,Both,White,3.0,"Las Vegas (Clark County), NV",2.0,4.1
16786,"HIV-Related Mortality Rate (Age-Adjusted; Per 100,000 people)",2014,Male,All,2.6,"San Diego County, CA",1.9,3.5
16789,"HIV-Related Mortality Rate (Age-Adjusted; Per 100,000 people)",2014,Male,All,5.0,"Las Vegas (Clark County), NV",3.6,6.4
16790,"HIV-Related Mortality Rate (Age-Adjusted; Per 100,000 people)",2014,Male,All,5.1,"Fort Worth (Tarrant County), TX",3.7,6.7
16791,"HIV-Related Mortality Rate (Age-Adjusted; Per 100,000 people)",2014,Male,All,5.1,"Seattle, WA",3.0,8.7
16792,"HIV-Related Mortality Rate (Age-Adjusted; Per 100,000 people)",2014,Male,All,5.8,"San Antonio, TX",4.3,7.7
16796,"HIV-Related Mortality Rate (Age-Adjusted; Per 100,000 people)",2014,Male,All,6.7,"Oakland (Alameda County), CA",3.7,11.2
16804,"HIV-Related Mortality Rate (Age-Adjusted; Per 100,000 people)",2015,Both,All,1.5,"San Diego County, CA",1.2,2.0
16807,"HIV-Related Mortality Rate (Age-Adjusted; Per 100,000 people)",2015,Both,All,2.0,"Las Vegas (Clark County), NV",1.4,2.7
16808,"HIV-Related Mortality Rate (Age-Adjusted; Per 100,000 people)",2015,Both,All,2.3,"Fort Worth (Tarrant County), TX",1.7,3.1
16809,"HIV-Related Mortality Rate (Age-Adjusted; Per 100,000 people)",2015,Both,All,2.4,"Portland (Multnomah County), OR",1.5,3.7
16810,"HIV-Related Mortality Rate (Age-Adjusted; Per 100,000 people)",2015,Both,All,2.6,"Seattle, WA",1.5,4.3
16812,"HIV-Related Mortality Rate (Age-Adjusted; Per 100,000 people)",2015,Both,All,3.0,"San Antonio, TX",2.3,3.9
16817,"HIV-Related Mortality Rate (Age-Adjusted; Per 100,000 people)",2015,Both,All,4.1,"Oakland (Alameda County), CA",2.4,6.3
16827,"HIV-Related Mortality Rate (Age-Adjusted; Per 100,000 people)",2015,Both,Asian/PI,1.0,"Las Vegas (Clark County), NV",0.0,2.5
16842,"HIV-Related Mortality Rate (Age-Adjusted; Per 100,000 people)",2015,Both,Black,7.1,"Oakland (Alameda County), CA",3.4,13.1
16843,"HIV-Related Mortality Rate (Age-Adjusted; Per 100,000 people)",2015,Both,Black,7.8,"Las Vegas (Clark County), NV",3.8,11.7
16845,"HIV-Related Mortality Rate (Age-Adjusted; Per 100,000 people)",2015,Both,Black,8.4,"Fort Worth (Tarrant County), TX",5.4,12.3
16846,"HIV-Related Mortality Rate (Age-Adjusted; Per 100,000 people)",2015,Both,Black,11.6,"Seattle, WA",4.7,25.9
16854,"HIV-Related Mortality Rate (Age-Adjusted; Per 100,000 people)",2015,Both,Hispanic,0.7,"Las Vegas (Clark County), NV",0.1,1.4
16857,"HIV-Related Mortality Rate (Age-Adjusted; Per 100,000 people)",2015,Both,Hispanic,2.9,"San Antonio, TX",2.0,4.2
16876,"HIV-Related Mortality Rate (Age-Adjusted; Per 100,000 people)",2015,Both,White,1.1,"Las Vegas (Clark County), NV",0.5,1.7
16879,"HIV-Related Mortality Rate (Age-Adjusted; Per 100,000 people)",2015,Both,White,1.3,"San Diego County, CA",0.8,1.8
16881,"HIV-Related Mortality Rate (Age-Adjusted; Per 100,000 people)",2015,Both,White,1.7,"Seattle, WA",0.8,4.0
16894,"HIV-Related Mortality Rate (Age-Adjusted; Per 100,000 people)",2015,Female,All,1.0,"Las Vegas (Clark County), NV",0.3,1.6
16909,"HIV-Related Mortality Rate (Age-Adjusted; Per 100,000 people)",2015,Male,All,2.8,"San Diego County, CA",2.1,3.8
16911,"HIV-Related Mortality Rate (Age-Adjusted; Per 100,000 people)",2015,Male,All,3.1,"Las Vegas (Clark County), NV",2.0,4.2
16913,"HIV-Related Mortality Rate (Age-Adjusted; Per 100,000 people)",2015,Male,All,3.8,"Fort Worth (Tarrant County), TX",2.6,5.2
16914,"HIV-Related Mortality Rate (Age-Adjusted; Per 100,000 people)",2015,Male,All,4.4,"Portland (Multnomah County), OR",2.7,6.8
16916,"HIV-Related Mortality Rate (Age-Adjusted; Per 100,000 people)",2015,Male,All,4.9,"Seattle, WA",2.8,8.3
16917,"HIV-Related Mortality Rate (Age-Adjusted; Per 100,000 people)",2015,Male,All,5.3,"San Antonio, TX",3.9,7.0
16921,"HIV-Related Mortality Rate (Age-Adjusted; Per 100,000 people)",2015,Male,All,7.1,"Oakland (Alameda County), CA",4.0,11.5
16926,"HIV-Related Mortality Rate (Age-Adjusted; Per 100,000 people)",2016,Both,All,1.6,"San Diego County, CA",1.2,2.0
16932,"HIV-Related Mortality Rate (Age-Adjusted; Per 100,000 people)",2016,Both,All,4.1,"Oakland (Alameda County), CA",2.4,6.3
16944,"HIV-Related Mortality Rate (Age-Adjusted; Per 100,000 people)",2016,Both,Black,9.4,"Oakland (Alameda County), CA",4.9,16.4
16963,"HIV-Related Mortality Rate (Age-Adjusted; Per 100,000 people)",2016,Both,White,1.3,"San Diego County, CA",0.9,1.9
16980,"HIV-Related Mortality Rate (Age-Adjusted; Per 100,000 people)",2016,Male,All,3.0,"San Diego County, CA",2.2,3.9
16986,"HIV-Related Mortality Rate (Age-Adjusted; Per 100,000 people)",2016,Male,All,7.3,"Oakland (Alameda County), CA",4.2,11.8
16991,"Persons Living with HIV/AIDS Rate (Per 100,000 people)",2010,Both,All,207.1,"Fort Worth (Tarrant County), TX",200.4,213.7
16993,"Persons Living with HIV/AIDS Rate (Per 100,000 people)",2010,Both,All,263.3,"San Antonio, TX",255.7,271.0
16995,"Persons Living with HIV/AIDS Rate (Per 100,000 people)",2010,Both,All,362.4,"Las Vegas (Clark County), NV",354.0,370.9
16997,"Persons Living with HIV/AIDS Rate (Per 100,000 people)",2010,Both,All,386.2,"Charlotte, NC",372.0,400.5
16999,"Persons Living with HIV/AIDS Rate (Per 100,000 people)",2010,Both,All,696.0,"Los Angeles, CA",687.9,704.1
17000,"Persons Living with HIV/AIDS Rate (Per 100,000 people)",2010,Both,All,762.4,"Oakland (Alameda County), CA",735.2,789.7
17009,"Persons Living with HIV/AIDS Rate (Per 100,000 people)",2010,Both,Asian/PI,21.9,"Charlotte, NC",6.7,37.1
17014,"Persons Living with HIV/AIDS Rate (Per 100,000 people)",2010,Both,Asian/PI,109.8,"Las Vegas (Clark County), NV",94.4,125.2
17016,"Persons Living with HIV/AIDS Rate (Per 100,000 people)",2010,Both,Asian/PI,151.3,"Los Angeles, CA",140.1,162.5
17017,"Persons Living with HIV/AIDS Rate (Per 100,000 people)",2010,Both,Asian/PI,159.2,"Oakland (Alameda County), CA",129.1,189.3
17022,"Persons Living with HIV/AIDS Rate (Per 100,000 people)",2010,Both,Black,551.2,"San Antonio, TX",509.9,592.5
17024,"Persons Living with HIV/AIDS Rate (Per 100,000 people)",2010,Both,Black,777.4,"Charlotte, NC",742.9,811.8
17025,"Persons Living with HIV/AIDS Rate (Per 100,000 people)",2010,Both,Black,937.8,"Las Vegas (Clark County), NV",894.8,980.8
17032,"Persons Living with HIV/AIDS Rate (Per 100,000 people)",2010,Both,Black,1437.3,"Los Angeles, CA",1400.8,1473.9
17033,"Persons Living with HIV/AIDS Rate (Per 100,000 people)",2010,Both,Black,1506.0,"Oakland (Alameda County), CA",1432.9,1579.1
17038,"Persons Living with HIV/AIDS Rate (Per 100,000 people)",2010,Both,Hispanic,177.7,"Charlotte, NC",151.0,204.4
17040,"Persons Living with HIV/AIDS Rate (Per 100,000 people)",2010,Both,Hispanic,263.8,"San Antonio, TX",253.8,273.8
17041,"Persons Living with HIV/AIDS Rate (Per 100,000 people)",2010,Both,Hispanic,265.7,"Las Vegas (Clark County), NV",252.3,279.1
17045,"Persons Living with HIV/AIDS Rate (Per 100,000 people)",2010,Both,Hispanic,422.9,"Oakland (Alameda County), CA",382.5,463.4
17048,"Persons Living with HIV/AIDS Rate (Per 100,000 people)",2010,Both,Hispanic,552.2,"Los Angeles, CA",541.9,562.5
17053,"Persons Living with HIV/AIDS Rate (Per 100,000 people)",2010,Both,Other,74.1,"San Antonio, TX",50.6,97.7
17054,"Persons Living with HIV/AIDS Rate (Per 100,000 people)",2010,Both,Other,118.5,"Las Vegas (Clark County), NV",93.8,143.3
17058,"Persons Living with HIV/AIDS Rate (Per 100,000 people)",2010,Both,Other,470.7,"Charlotte, NC",369.4,572.0
17059,"Persons Living with HIV/AIDS Rate (Per 100,000 people)",2010,Both,Other,496.9,"Oakland (Alameda County), CA",395.2,616.8
17065,"Persons Living with HIV/AIDS Rate (Per 100,000 people)",2010,Both,White,183.6,"Charlotte, NC",169.0,198.2
17066,"Persons Living with HIV/AIDS Rate (Per 100,000 people)",2010,Both,White,187.1,"San Antonio, TX",175.5,198.7
17069,"Persons Living with HIV/AIDS Rate (Per 100,000 people)",2010,Both,White,368.7,"Las Vegas (Clark County), NV",356.4,381.0
17073,"Persons Living with HIV/AIDS Rate (Per 100,000 people)",2010,Both,White,755.1,"Oakland (Alameda County), CA",701.8,808.4
17074,"Persons Living with HIV/AIDS Rate (Per 100,000 people)",2010,Both,White,814.3,"Los Angeles, CA",798.3,830.4
17082,"Persons Living with HIV/AIDS Rate (Per 100,000 people)",2010,Female,All,81.2,"San Antonio, TX",75.3,87.2
17083,"Persons Living with HIV/AIDS Rate (Per 100,000 people)",2010,Female,All,122.3,"Las Vegas (Clark County), NV",115.3,129.2
17086,"Persons Living with HIV/AIDS Rate (Per 100,000 people)",2010,Female,All,142.6,"Los Angeles, CA",137.4,147.8
17088,"Persons Living with HIV/AIDS Rate (Per 100,000 people)",2010,Female,All,215.7,"Charlotte, NC",200.9,230.5
17091,"Persons Living with HIV/AIDS Rate (Per 100,000 people)",2010,Female,All,286.8,"Oakland (Alameda County), CA",263.4,310.1
17097,"Persons Living with HIV/AIDS Rate (Per 100,000 people)",2010,Male,All,452.4,"San Antonio, TX",438.1,466.7
17099,"Persons Living with HIV/AIDS Rate (Per 100,000 people)",2010,Male,All,568.6,"Charlotte, NC",543.7,593.4
17100,"Persons Living with HIV/AIDS Rate (Per 100,000 people)",2010,Male,All,599.4,"Las Vegas (Clark County), NV",584.1,614.7
17103,"Persons Living with HIV/AIDS Rate (Per 100,000 people)",2010,Male,All,1254.2,"Los Angeles, CA",1238.8,1269.6
17104,"Persons Living with HIV/AIDS Rate (Per 100,000 people)",2010,Male,All,1267.4,"Oakland (Alameda County), CA",1217.1,1317.8
17111,"Persons Living with HIV/AIDS Rate (Per 100,000 people)",2011,Both,All,227.0,"Fort Worth (Tarrant County), TX",220.0,233.9
17115,"Persons Living with HIV/AIDS Rate (Per 100,000 people)",2011,Both,All,369.3,"Las Vegas (Clark County), NV",360.8,377.8
17116,"Persons Living with HIV/AIDS Rate (Per 100,000 people)",2011,Both,All,384.2,"Portland (Multnomah County), OR",370.3,398.5
17118,"Persons Living with HIV/AIDS Rate (Per 100,000 people)",2011,Both,All,427.0,"Charlotte, NC",412.0,442.0
17122,"Persons Living with HIV/AIDS Rate (Per 100,000 people)",2011,Both,All,718.6,"Los Angeles, CA",710.3,726.8
17138,"Persons Living with HIV/AIDS Rate (Per 100,000 people)",2011,Both,American Indian/Alaska Native,496.6,"Portland (Multnomah County), OR",330.3,717.0
17140,"Persons Living with HIV/AIDS Rate (Per 100,000 people)",2011,Both,Asian/PI,30.1,"Charlotte, NC",12.3,47.9
17146,"Persons Living with HIV/AIDS Rate (Per 100,000 people)",2011,Both,Asian/PI,124.4,"Portland (Multnomah County), OR",96.4,157.9
17147,"Persons Living with HIV/AIDS Rate (Per 100,000 people)",2011,Both,Asian/PI,128.9,"Las Vegas (Clark County), NV",112.2,145.6
17151,"Persons Living with HIV/AIDS Rate (Per 100,000 people)",2011,Both,Asian/PI,159.1,"Los Angeles, CA",147.6,170.6
17159,"Persons Living with HIV/AIDS Rate (Per 100,000 people)",2011,Both,Black,615.8,"Portland (Multnomah County), OR",541.9,697.0
17163,"Persons Living with HIV/AIDS Rate (Per 100,000 people)",2011,Both,Black,855.5,"Charlotte, NC",819.4,891.7
17164,"Persons Living with HIV/AIDS Rate (Per 100,000 people)",2011,Both,Black,966.0,"Las Vegas (Clark County), NV",922.4,1009.7
17172,"Persons Living with HIV/AIDS Rate (Per 100,000 people)",2011,Both,Black,1483.1,"Los Angeles, CA",1446.0,1520.3
17181,"Persons Living with HIV/AIDS Rate (Per 100,000 people)",2011,Both,Hispanic,203.8,"Charlotte, NC",175.2,232.4
17184,"Persons Living with HIV/AIDS Rate (Per 100,000 people)",2011,Both,Hispanic,278.2,"Las Vegas (Clark County), NV",264.5,291.9
17189,"Persons Living with HIV/AIDS Rate (Per 100,000 people)",2011,Both,Hispanic,350.3,"Portland (Multnomah County), OR",311.0,393.3
17195,"Persons Living with HIV/AIDS Rate (Per 100,000 people)",2011,Both,Hispanic,575.2,"Los Angeles, CA",564.7,585.7
17204,"Persons Living with HIV/AIDS Rate (Per 100,000 people)",2011,Both,Multiracial,232.6,"Portland (Multnomah County), OR",178.4,298.1
17209,"Persons Living with HIV/AIDS Rate (Per 100,000 people)",2011,Both,Other,127.9,"Las Vegas (Clark County), NV",102.2,153.7
17217,"Persons Living with HIV/AIDS Rate (Per 100,000 people)",2011,Both,Other,572.8,"Charlotte, NC",461.1,684.5
17224,"Persons Living with HIV/AIDS Rate (Per 100,000 people)",2011,Both,White,200.3,"Charlotte, NC",185.0,215.6
17227,"Persons Living with HIV/AIDS Rate (Per 100,000 people)",2011,Both,White,365.2,"Las Vegas (Clark County), NV",352.9,377.4
17228,"Persons Living with HIV/AIDS Rate (Per 100,000 people)",2011,Both,White,404.3,"Portland (Multnomah County), OR",387.5,421.6
17238,"Persons Living with HIV/AIDS Rate (Per 100,000 people)",2011,Both,White,828.5,"Los Angeles, CA",812.3,844.7
17245,"Persons Living with HIV/AIDS Rate (Per 100,000 people)",2011,Female,All,67.9,"Portland (Multnomah County), OR",59.9,76.7
17250,"Persons Living with HIV/AIDS Rate (Per 100,000 people)",2011,Female,All,123.1,"Las Vegas (Clark County), NV",116.1,130.1
17252,"Persons Living with HIV/AIDS Rate (Per 100,000 people)",2011,Female,All,144.9,"Los Angeles, CA",139.7,150.1
17257,"Persons Living with HIV/AIDS Rate (Per 100,000 people)",2011,Female,All,235.5,"Charlotte, NC",220.0,251.0
17271,"Persons Living with HIV/AIDS Rate (Per 100,000 people)",2011,Male,All,612.2,"Las Vegas (Clark County), NV",596.7,627.7
17272,"Persons Living with HIV/AIDS Rate (Per 100,000 people)",2011,Male,All,631.7,"Charlotte, NC",605.5,657.9
17275,"Persons Living with HIV/AIDS Rate (Per 100,000 people)",2011,Male,All,708.3,"Portland (Multnomah County), OR",681.5,735.7
17279,"Persons Living with HIV/AIDS Rate (Per 100,000 people)",2011,Male,All,1297.1,"Los Angeles, CA",1281.5,1312.8
17292,"Persons Living with HIV/AIDS Rate (Per 100,000 people)",2012,Both,All,245.7,"Fort Worth (Tarrant County), TX",238.4,252.9
17296,"Persons Living with HIV/AIDS Rate (Per 100,000 people)",2012,Both,All,391.5,"Portland (Multnomah County), OR",377.6,405.8
17299,"Persons Living with HIV/AIDS Rate (Per 100,000 people)",2012,Both,All,447.2,"Indianapolis (Marion County), IN",433.8,461.1
17300,"Persons Living with HIV/AIDS Rate (Per 100,000 people)",2012,Both,All,472.4,"Charlotte, NC",456.6,488.1
17305,"Persons Living with HIV/AIDS Rate (Per 100,000 people)",2012,Both,All,744.9,"Los Angeles, CA",736.5,753.3
17322,"Persons Living with HIV/AIDS Rate (Per 100,000 people)",2012,Both,American Indian/Alaska Native,485.9,"Portland (Multnomah County), OR",323.1,701.4
17326,"Persons Living with HIV/AIDS Rate (Per 100,000 people)",2012,Both,Asian/PI,38.3,"Charlotte, NC",18.2,58.4
17332,"Persons Living with HIV/AIDS Rate (Per 100,000 people)",2012,Both,Asian/PI,134.3,"Portland (Multnomah County), OR",105.7,168.3
17338,"Persons Living with HIV/AIDS Rate (Per 100,000 people)",2012,Both,Asian/PI,171.9,"Los Angeles, CA",160.0,183.9
17344,"Persons Living with HIV/AIDS Rate (Per 100,000 people)",2012,Both,Asian/PI,449.2,"Indianapolis (Marion County), IN",359.4,539.1
17347,"Persons Living with HIV/AIDS Rate (Per 100,000 people)",2012,Both,Black,633.3,"Portland (Multnomah County), OR",558.7,715.0
17349,"Persons Living with HIV/AIDS Rate (Per 100,000 people)",2012,Both,Black,768.5,"Indianapolis (Marion County), IN",733.9,803.1
17353,"Persons Living with HIV/AIDS Rate (Per 100,000 people)",2012,Both,Black,953.5,"Charlotte, NC",915.4,991.7
17363,"Persons Living with HIV/AIDS Rate (Per 100,000 people)",2012,Both,Black,1543.2,"Los Angeles, CA",1505.3,1581.1
17374,"Persons Living with HIV/AIDS Rate (Per 100,000 people)",2012,Both,Hispanic,226.8,"Charlotte, NC",196.6,257.0
17381,"Persons Living with HIV/AIDS Rate (Per 100,000 people)",2012,Both,Hispanic,350.4,"Indianapolis (Marion County), IN",311.2,389.5
17383,"Persons Living with HIV/AIDS Rate (Per 100,000 people)",2012,Both,Hispanic,372.5,"Portland (Multnomah County), OR",332.2,416.3
17389,"Persons Living with HIV/AIDS Rate (Per 100,000 people)",2012,Both,Hispanic,602.7,"Los Angeles, CA",591.9,613.5
17402,"Persons Living with HIV/AIDS Rate (Per 100,000 people)",2012,Both,Multiracial,221.9,"Portland (Multnomah County), OR",169.8,285.0
17417,"Persons Living with HIV/AIDS Rate (Per 100,000 people)",2012,Both,Other,629.5,"Indianapolis (Marion County), IN",526.3,732.7
17418,"Persons Living with HIV/AIDS Rate (Per 100,000 people)",2012,Both,Other,657.9,"Charlotte, NC",538.1,777.6
17424,"Persons Living with HIV/AIDS Rate (Per 100,000 people)",2012,Both,White,213.9,"Charlotte, NC",198.1,229.7
17429,"Persons Living with HIV/AIDS Rate (Per 100,000 people)",2012,Both,White,308.6,"Indianapolis (Marion County), IN",293.8,323.4
17430,"Persons Living with HIV/AIDS Rate (Per 100,000 people)",2012,Both,White,410.2,"Portland (Multnomah County), OR",393.4,427.5
17441,"Persons Living with HIV/AIDS Rate (Per 100,000 people)",2012,Both,White,844.5,"Los Angeles, CA",828.1,860.8
17450,"Persons Living with HIV/AIDS Rate (Per 100,000 people)",2012,Female,All,67.7,"Portland (Multnomah County), OR",59.7,76.4
17456,"Persons Living with HIV/AIDS Rate (Per 100,000 people)",2012,Female,All,149.2,"Los Angeles, CA",143.9,154.5
17459,"Persons Living with HIV/AIDS Rate (Per 100,000 people)",2012,Female,All,169.9,"Indianapolis (Marion County), IN",158.2,181.7
17465,"Persons Living with HIV/AIDS Rate (Per 100,000 people)",2012,Female,All,255.9,"Charlotte, NC",239.8,272.0
17481,"Persons Living with HIV/AIDS Rate (Per 100,000 people)",2012,Male,All,703.8,"Charlotte, NC",676.1,731.5
17484,"Persons Living with HIV/AIDS Rate (Per 100,000 people)",2012,Male,All,723.4,"Portland (Multnomah County), OR",696.5,751.1
17485,"Persons Living with HIV/AIDS Rate (Per 100,000 people)",2012,Male,All,745.4,"Indianapolis (Marion County), IN",720.0,770.9
17490,"Persons Living with HIV/AIDS Rate (Per 100,000 people)",2012,Male,All,1345.7,"Los Angeles, CA",1329.8,1361.7
17503,"Persons Living with HIV/AIDS Rate (Per 100,000 people)",2013,Both,All,222.8,"Fort Worth (Tarrant County), TX",216.0,229.7
17508,"Persons Living with HIV/AIDS Rate (Per 100,000 people)",2013,Both,All,395.3,"Portland (Multnomah County), OR",381.3,409.6
17511,"Persons Living with HIV/AIDS Rate (Per 100,000 people)",2013,Both,All,468.6,"Indianapolis (Marion County), IN",454.9,482.7
17512,"Persons Living with HIV/AIDS Rate (Per 100,000 people)",2013,Both,All,520.5,"Charlotte, NC",504.0,537.0
17517,"Persons Living with HIV/AIDS Rate (Per 100,000 people)",2013,Both,All,770.8,"Los Angeles, CA",762.3,779.3
17533,"Persons Living with HIV/AIDS Rate (Per 100,000 people)",2013,Both,American Indian/Alaska Native,481.8,"Portland (Multnomah County), OR",320.4,695.7
17537,"Persons Living with HIV/AIDS Rate (Per 100,000 people)",2013,Both,Asian/PI,60.2,"Charlotte, NC",35.0,85.3
17544,"Persons Living with HIV/AIDS Rate (Per 100,000 people)",2013,Both,Asian/PI,135.6,"Portland (Multnomah County), OR",107.2,169.2
17548,"Persons Living with HIV/AIDS Rate (Per 100,000 people)",2013,Both,Asian/PI,183.0,"Los Angeles, CA",170.7,195.4
17554,"Persons Living with HIV/AIDS Rate (Per 100,000 people)",2013,Both,Asian/PI,441.6,"Indianapolis (Marion County), IN",356.4,526.9
17557,"Persons Living with HIV/AIDS Rate (Per 100,000 people)",2013,Both,Black,645.5,"Portland (Multnomah County), OR",570.2,728.0
17559,"Persons Living with HIV/AIDS Rate (Per 100,000 people)",2013,Both,Black,816.1,"Indianapolis (Marion County), IN",780.7,851.4
17565,"Persons Living with HIV/AIDS Rate (Per 100,000 people)",2013,Both,Black,1053.5,"Charlotte, NC",1013.5,1093.6
17573,"Persons Living with HIV/AIDS Rate (Per 100,000 people)",2013,Both,Black,1595.8,"Los Angeles, CA",1557.2,1634.3
17583,"Persons Living with HIV/AIDS Rate (Per 100,000 people)",2013,Both,Hispanic,249.8,"Charlotte, NC",218.1,281.4
17590,"Persons Living with HIV/AIDS Rate (Per 100,000 people)",2013,Both,Hispanic,374.8,"Indianapolis (Marion County), IN",334.8,414.8
17592,"Persons Living with HIV/AIDS Rate (Per 100,000 people)",2013,Both,Hispanic,378.5,"Portland (Multnomah County), OR",338.4,42.1
17597,"Persons Living with HIV/AIDS Rate (Per 100,000 people)",2013,Both,Hispanic,629.0,"Los Angeles, CA",618.0,640.0
17610,"Persons Living with HIV/AIDS Rate (Per 100,000 people)",2013,Both,Multiracial,217.4,"Portland (Multnomah County), OR",166.4,279.2
17625,"Persons Living with HIV/AIDS Rate (Per 100,000 people)",2013,Both,Other,626.7,"Indianapolis (Marion County), IN",525.8,727.7
17627,"Persons Living with HIV/AIDS Rate (Per 100,000 people)",2013,Both,Other,725.9,"Charlotte, NC",600.2,851.7
17633,"Persons Living with HIV/AIDS Rate (Per 100,000 people)",2013,Both,White,231.5,"Charlotte, NC",215.1,248.0
17638,"Persons Living with HIV/AIDS Rate (Per 100,000 people)",2013,Both,White,317.5,"Indianapolis (Marion County), IN",302.5,332.5
17639,"Persons Living with HIV/AIDS Rate (Per 100,000 people)",2013,Both,White,414.5,"Portland (Multnomah County), OR",397.6,431.8
17650,"Persons Living with HIV/AIDS Rate (Per 100,000 people)",2013,Both,White,864.2,"Los Angeles, CA",847.6,880.8
17658,"Persons Living with HIV/AIDS Rate (Per 100,000 people)",2013,Female,All,68.1,"Portland (Multnomah County), OR",60.1,76.8
17664,"Persons Living with HIV/AIDS Rate (Per 100,000 people)",2013,Female,All,152.6,"Los Angeles, CA",147.2,157.9
17667,"Persons Living with HIV/AIDS Rate (Per 100,000 people)",2013,Female,All,179.4,"Indianapolis (Marion County), IN",167.4,191.3
17673,"Persons Living with HIV/AIDS Rate (Per 100,000 people)",2013,Female,All,278.6,"Charlotte, NC",261.8,295.5
17689,"Persons Living with HIV/AIDS Rate (Per 100,000 people)",2013,Male,All,730.4,"Portland (Multnomah County), OR",703.5,758.1
17691,"Persons Living with HIV/AIDS Rate (Per 100,000 people)",2013,Male,All,779.0,"Charlotte, NC",750.0,808.1
17692,"Persons Living with HIV/AIDS Rate (Per 100,000 people)",2013,Male,All,779.7,"Indianapolis (Marion County), IN",753.8,805.6
17700,"Persons Living with HIV/AIDS Rate (Per 100,000 people)",2013,Male,All,1394.3,"Los Angeles, CA",1378.1,1410.6
17710,"Persons Living with HIV/AIDS Rate (Per 100,000 people)",2014,Both,All,265.7,"Fort Worth (Tarrant County), TX",258.2,273.2
17711,"Persons Living with HIV/AIDS Rate (Per 100,000 people)",2014,Both,All,296.7,"San Antonio, TX",288.9,304.5
17713,"Persons Living with HIV/AIDS Rate (Per 100,000 people)",2014,Both,All,400.5,"Portland (Multnomah County), OR",386.6,414.8
17716,"Persons Living with HIV/AIDS Rate (Per 100,000 people)",2014,Both,All,488.9,"Indianapolis (Marion County), IN",475.0,503.3
17719,"Persons Living with HIV/AIDS Rate (Per 100,000 people)",2014,Both,All,567.5,"Charlotte, NC",550.3,584.8
17720,"Persons Living with HIV/AIDS Rate (Per 100,000 people)",2014,Both,All,713.6,"Seattle, WA",693.0,734.0
17721,"Persons Living with HIV/AIDS Rate (Per 100,000 people)",2014,Both,All,791.0,"Los Angeles, CA",782.3,799.6
17724,"Persons Living with HIV/AIDS Rate (Per 100,000 people)",2014,Both,All,842.8,"Oakland (Alameda County), CA",814.1,871.5
17735,"Persons Living with HIV/AIDS Rate (Per 100,000 people)",2014,Both,American Indian/Alaska Native,497.8,"Portland (Multnomah County), OR",333.1,714.1
17738,"Persons Living with HIV/AIDS Rate (Per 100,000 people)",2014,Both,Asian/PI,79.3,"Charlotte, NC",50.5,108.2
17743,"Persons Living with HIV/AIDS Rate (Per 100,000 people)",2014,Both,Asian/PI,138.8,"Portland (Multnomah County), OR",110.6,172.0
17748,"Persons Living with HIV/AIDS Rate (Per 100,000 people)",2014,Both,Asian/PI,194.7,"Los Angeles, CA",182.0,207.5
17749,"Persons Living with HIV/AIDS Rate (Per 100,000 people)",2014,Both,Asian/PI,205.3,"Oakland (Alameda County), CA",171.1,239.6
17751,"Persons Living with HIV/AIDS Rate (Per 100,000 people)",2014,Both,Asian/PI,314.9,"Seattle, WA",281.0,352.0
17752,"Persons Living with HIV/AIDS Rate (Per 100,000 people)",2014,Both,Asian/PI,452.7,"Indianapolis (Marion County), IN",369.3,536.2
17754,"Persons Living with HIV/AIDS Rate (Per 100,000 people)",2014,Both,Black,625.1,"San Antonio, TX",583.4,666.8
17755,"Persons Living with HIV/AIDS Rate (Per 100,000 people)",2014,Both,Black,661.1,"Portland (Multnomah County), OR",585.1,744.2
17757,"Persons Living with HIV/AIDS Rate (Per 100,000 people)",2014,Both,Black,851.4,"Indianapolis (Marion County), IN",815.4,887.3
17764,"Persons Living with HIV/AIDS Rate (Per 100,000 people)",2014,Both,Black,1152.4,"Charlotte, NC",1110.4,1194.3
17765,"Persons Living with HIV/AIDS Rate (Per 100,000 people)",2014,Both,Black,1279.5,"Seattle, WA",1187.0,1377.0
17770,"Persons Living with HIV/AIDS Rate (Per 100,000 people)",2014,Both,Black,1623.6,"Los Angeles, CA",1584.8,1662.5
17771,"Persons Living with HIV/AIDS Rate (Per 100,000 people)",2014,Both,Black,1634.5,"Oakland (Alameda County), CA",1558.4,1710.6
17777,"Persons Living with HIV/AIDS Rate (Per 100,000 people)",2014,Both,Hispanic,278.0,"Charlotte, NC",244.6,311.4
17778,"Persons Living with HIV/AIDS Rate (Per 100,000 people)",2014,Both,Hispanic,301.1,"San Antonio, TX",290.9,311.4
17783,"Persons Living with HIV/AIDS Rate (Per 100,000 people)",2014,Both,Hispanic,394.2,"Portland (Multnomah County), OR",353.6,438.1
17784,"Persons Living with HIV/AIDS Rate (Per 100,000 people)",2014,Both,Hispanic,396.2,"Indianapolis (Marion County), IN",355.4,436.9
17787,"Persons Living with HIV/AIDS Rate (Per 100,000 people)",2014,Both,Hispanic,484.5,"Oakland (Alameda County), CA",441.3,527.8
17789,"Persons Living with HIV/AIDS Rate (Per 100,000 people)",2014,Both,Hispanic,655.6,"Los Angeles, CA",644.4,666.9
17794,"Persons Living with HIV/AIDS Rate (Per 100,000 people)",2014,Both,Hispanic,1042.3,"Seattle, WA",954.0,1137.0
17799,"Persons Living with HIV/AIDS Rate (Per 100,000 people)",2014,Both,Multiracial,208.0,"Portland (Multnomah County), OR",158.8,267.7
17802,"Persons Living with HIV/AIDS Rate (Per 100,000 people)",2014,Both,Other,68.9,"San Antonio, TX",48.0,89.7
17806,"Persons Living with HIV/AIDS Rate (Per 100,000 people)",2014,Both,Other,406.0,"Oakland (Alameda County), CA",314.6,515.6
17811,"Persons Living with HIV/AIDS Rate (Per 100,000 people)",2014,Both,Other,636.9,"Indianapolis (Marion County), IN",536.3,737.5
17813,"Persons Living with HIV/AIDS Rate (Per 100,000 people)",2014,Both,Other,709.6,"Seattle, WA",632.0,794.0
17814,"Persons Living with HIV/AIDS Rate (Per 100,000 people)",2014,Both,Other,777.0,"Charlotte, NC",646.9,907.1
17817,"Persons Living with HIV/AIDS Rate (Per 100,000 people)",2014,Both,White,199.3,"San Antonio, TX",187.6,211.0
17818,"Persons Living with HIV/AIDS Rate (Per 100,000 people)",2014,Both,White,247.3,"Charlotte, NC",230.3,264.3
17823,"Persons Living with HIV/AIDS Rate (Per 100,000 people)",2014,Both,White,329.6,"Indianapolis (Marion County), IN",314.3,344.9
17824,"Persons Living with HIV/AIDS Rate (Per 100,000 people)",2014,Both,White,419.3,"Portland (Multnomah County), OR",402.4,436.6
17829,"Persons Living with HIV/AIDS Rate (Per 100,000 people)",2014,Both,White,652.8,"Seattle, WA",629.0,677.0
17833,"Persons Living with HIV/AIDS Rate (Per 100,000 people)",2014,Both,White,853.8,"Oakland (Alameda County), CA",797.2,910.5
17834,"Persons Living with HIV/AIDS Rate (Per 100,000 people)",2014,Both,White,873.1,"Los Angeles, CA",856.5,889.8
17840,"Persons Living with HIV/AIDS Rate (Per 100,000 people)",2014,Female,All,69.5,"Portland (Multnomah County), OR",61.5,78.3
17843,"Persons Living with HIV/AIDS Rate (Per 100,000 people)",2014,Female,All,89.2,"San Antonio, TX",83.2,95.3
17844,"Persons Living with HIV/AIDS Rate (Per 100,000 people)",2014,Female,All,109.1,"Seattle, WA",98.0,121.0
17847,"Persons Living with HIV/AIDS Rate (Per 100,000 people)",2014,Female,All,155.9,"Los Angeles, CA",150.5,161.3
17849,"Persons Living with HIV/AIDS Rate (Per 100,000 people)",2014,Female,All,187.0,"Indianapolis (Marion County), IN",174.8,199.1
17853,"Persons Living with HIV/AIDS Rate (Per 100,000 people)",2014,Female,All,299.5,"Charlotte, NC",282.1,317.0
17854,"Persons Living with HIV/AIDS Rate (Per 100,000 people)",2014,Female,All,300.7,"Oakland (Alameda County), CA",276.8,324.6
17862,"Persons Living with HIV/AIDS Rate (Per 100,000 people)",2014,Male,All,510.7,"San Antonio, TX",496.1,525.3
17865,"Persons Living with HIV/AIDS Rate (Per 100,000 people)",2014,Male,All,739.0,"Portland (Multnomah County), OR",712.2,766.6
17868,"Persons Living with HIV/AIDS Rate (Per 100,000 people)",2014,Male,All,814.1,"Indianapolis (Marion County), IN",787.7,840.5
17869,"Persons Living with HIV/AIDS Rate (Per 100,000 people)",2014,Male,All,854.0,"Charlotte, NC",823.5,884.5
17872,"Persons Living with HIV/AIDS Rate (Per 100,000 people)",2014,Male,All,1315.9,"Seattle, WA",1277.0,1356.0
17875,"Persons Living with HIV/AIDS Rate (Per 100,000 people)",2014,Male,All,1418.3,"Oakland (Alameda County), CA",1365.1,1471.6
17876,"Persons Living with HIV/AIDS Rate (Per 100,000 people)",2014,Male,All,1431.5,"Los Angeles, CA",1415.0,1448.0
17883,"Persons Living with HIV/AIDS Rate (Per 100,000 people)",2015,Both,All,278.5,"Fort Worth (Tarrant County), TX",270.8,286.2
17884,"Persons Living with HIV/AIDS Rate (Per 100,000 people)",2015,Both,All,305.0,"San Antonio, TX",297.2,312.9
17886,"Persons Living with HIV/AIDS Rate (Per 100,000 people)",2015,Both,All,400.0,"Portland (Multnomah County), OR",386.2,414.1
17888,"Persons Living with HIV/AIDS Rate (Per 100,000 people)",2015,Both,All,448.0,"Las Vegas (Clark County), NV",438.6,457.4
17891,"Persons Living with HIV/AIDS Rate (Per 100,000 people)",2015,Both,All,612.1,"Charlotte, NC",594.2,630.0
17893,"Persons Living with HIV/AIDS Rate (Per 100,000 people)",2015,Both,All,797.2,"Los Angeles, CA",788.6,805.9
17895,"Persons Living with HIV/AIDS Rate (Per 100,000 people)",2015,Both,All,837.4,"Oakland (Alameda County), CA",808.8,866.0
17900,"Persons Living with HIV/AIDS Rate (Per 100,000 people)",2015,Both,Asian/PI,82.1,"Charlotte, NC",52.7,111.5
17906,"Persons Living with HIV/AIDS Rate (Per 100,000 people)",2015,Both,Asian/PI,189.8,"Las Vegas (Clark County), NV",169.5,210.0
17908,"Persons Living with HIV/AIDS Rate (Per 100,000 people)",2015,Both,Asian/PI,195.6,"Los Angeles, CA",182.8,208.4
17910,"Persons Living with HIV/AIDS Rate (Per 100,000 people)",2015,Both,Asian/PI,208.3,"Oakland (Alameda County), CA",173.8,242.8
17913,"Persons Living with HIV/AIDS Rate (Per 100,000 people)",2015,Both,Black,638.6,"San Antonio, TX",597.1,680.1
17917,"Persons Living with HIV/AIDS Rate (Per 100,000 people)",2015,Both,Black,1227.3,"Las Vegas (Clark County), NV",1178.1,1276.5
17918,"Persons Living with HIV/AIDS Rate (Per 100,000 people)",2015,Both,Black,1249.6,"Charlotte, NC",1205.9,1293.2
17922,"Persons Living with HIV/AIDS Rate (Per 100,000 people)",2015,Both,Black,1604.5,"Oakland (Alameda County), CA",1529.1,1679.9
17923,"Persons Living with HIV/AIDS Rate (Per 100,000 people)",2015,Both,Black,1647.4,"Los Angeles, CA",1608.2,1686.5
17930,"Persons Living with HIV/AIDS Rate (Per 100,000 people)",2015,Both,Hispanic,307.3,"Charlotte, NC",272.1,342.4
17931,"Persons Living with HIV/AIDS Rate (Per 100,000 people)",2015,Both,Hispanic,311.7,"San Antonio, TX",301.4,322.0
17932,"Persons Living with HIV/AIDS Rate (Per 100,000 people)",2015,Both,Hispanic,368.6,"Las Vegas (Clark County), NV",352.8,384.4
17936,"Persons Living with HIV/AIDS Rate (Per 100,000 people)",2015,Both,Hispanic,503.7,"Oakland (Alameda County), CA",459.6,547.8
17937,"Persons Living with HIV/AIDS Rate (Per 100,000 people)",2015,Both,Hispanic,670.6,"Los Angeles, CA",659.2,682.0
17943,"Persons Living with HIV/AIDS Rate (Per 100,000 people)",2015,Both,Other,72.5,"San Antonio, TX",51.5,93.4
17944,"Persons Living with HIV/AIDS Rate (Per 100,000 people)",2015,Both,Other,207.4,"Portland (Multnomah County), OR",139.9,295.9
17946,"Persons Living with HIV/AIDS Rate (Per 100,000 people)",2015,Both,Other,249.1,"Las Vegas (Clark County), NV",213.2,285.0
17948,"Persons Living with HIV/AIDS Rate (Per 100,000 people)",2015,Both,Other,509.0,"Oakland (Alameda County), CA",406.0,630.2
17952,"Persons Living with HIV/AIDS Rate (Per 100,000 people)",2015,Both,Other,845.0,"Charlotte, NC",709.3,980.7
17955,"Persons Living with HIV/AIDS Rate (Per 100,000 people)",2015,Both,White,202.6,"San Antonio, TX",190.8,214.4
17956,"Persons Living with HIV/AIDS Rate (Per 100,000 people)",2015,Both,White,259.5,"Charlotte, NC",242.1,276.8
17960,"Persons Living with HIV/AIDS Rate (Per 100,000 people)",2015,Both,White,398.7,"Las Vegas (Clark County), NV",385.9,411.5
17966,"Persons Living with HIV/AIDS Rate (Per 100,000 people)",2015,Both,White,827.2,"Oakland (Alameda County), CA",771.4,883.0
17967,"Persons Living with HIV/AIDS Rate (Per 100,000 people)",2015,Both,White,858.6,"Los Angeles, CA",842.1,875.1
17972,"Persons Living with HIV/AIDS Rate (Per 100,000 people)",2015,Female,All,90.2,"San Antonio, TX",84.2,96.2
17974,"Persons Living with HIV/AIDS Rate (Per 100,000 people)",2015,Female,All,144.1,"Las Vegas (Clark County), NV",136.5,151.6
17975,"Persons Living with HIV/AIDS Rate (Per 100,000 people)",2015,Female,All,158.4,"Los Angeles, CA",153.0,163.9
17980,"Persons Living with HIV/AIDS Rate (Per 100,000 people)",2015,Female,All,287.4,"Oakland (Alameda County), CA",264.4,311.2
17981,"Persons Living with HIV/AIDS Rate (Per 100,000 people)",2015,Female,All,318.9,"Charlotte, NC",300.9,336.9
17985,"Persons Living with HIV/AIDS Rate (Per 100,000 people)",2015,Male,All,526.3,"San Antonio, TX",511.6,541.0
17987,"Persons Living with HIV/AIDS Rate (Per 100,000 people)",2015,Male,All,747.8,"Las Vegas (Clark County), NV",730.7,764.9
17990,"Persons Living with HIV/AIDS Rate (Per 100,000 people)",2015,Male,All,925.6,"Charlotte, NC",893.9,957.3
17993,"Persons Living with HIV/AIDS Rate (Per 100,000 people)",2015,Male,All,1421.0,"Oakland (Alameda County), CA",1367.7,1474.3
17994,"Persons Living with HIV/AIDS Rate (Per 100,000 people)",2015,Male,All,1441.5,"Los Angeles, CA",1425.0,1458.0
18002,"Persons Living with HIV/AIDS Rate (Per 100,000 people)",2016,Both,All,428.8,"Portland (Multnomah County), OR",414.5,443.3
18003,"Persons Living with HIV/AIDS Rate (Per 100,000 people)",2016,Both,All,479.7,"Las Vegas (Clark County), NV",470.0,489.5
18005,"Persons Living with HIV/AIDS Rate (Per 100,000 people)",2016,Both,All,845.1,"Oakland (Alameda County), CA",816.4,873.8
18013,"Persons Living with HIV/AIDS Rate (Per 100,000 people)",2016,Both,Asian/PI,164.4,"Portland (Multnomah County), OR",135.6,197.5
18015,"Persons Living with HIV/AIDS Rate (Per 100,000 people)",2016,Both,Asian/PI,205.5,"Las Vegas (Clark County), NV",184.4,226.6
18016,"Persons Living with HIV/AIDS Rate (Per 100,000 people)",2016,Both,Asian/PI,215.7,"Oakland (Alameda County), CA",180.7,250.8
18018,"Persons Living with HIV/AIDS Rate (Per 100,000 people)",2016,Both,Black,606.0,"Portland (Multnomah County), OR",540.6,677.2
18021,"Persons Living with HIV/AIDS Rate (Per 100,000 people)",2016,Both,Black,1361.2,"Las Vegas (Clark County), NV",1309.4,1413.1
18023,"Persons Living with HIV/AIDS Rate (Per 100,000 people)",2016,Both,Black,1564.2,"Oakland (Alameda County), CA",1489.7,1638.7
18029,"Persons Living with HIV/AIDS Rate (Per 100,000 people)",2016,Both,Hispanic,401.1,"Las Vegas (Clark County), NV",384.7,417.6
18032,"Persons Living with HIV/AIDS Rate (Per 100,000 people)",2016,Both,Hispanic,468.0,"Portland (Multnomah County), OR",424.6,514.5
18033,"Persons Living with HIV/AIDS Rate (Per 100,000 people)",2016,Both,Hispanic,545.1,"Oakland (Alameda County), CA",499.2,590.9
18039,"Persons Living with HIV/AIDS Rate (Per 100,000 people)",2016,Both,Other,276.1,"Las Vegas (Clark County), NV",238.3,313.9
18041,"Persons Living with HIV/AIDS Rate (Per 100,000 people)",2016,Both,Other,520.5,"Portland (Multnomah County), OR",372.1,708.1
18042,"Persons Living with HIV/AIDS Rate (Per 100,000 people)",2016,Both,Other,551.4,"Oakland (Alameda County), CA",444.0,677.0
18047,"Persons Living with HIV/AIDS Rate (Per 100,000 people)",2016,Both,White,412.2,"Las Vegas (Clark County), NV",399.2,425.2
18049,"Persons Living with HIV/AIDS Rate (Per 100,000 people)",2016,Both,White,485.7,"Portland (Multnomah County), OR",468.0,504.0
18052,"Persons Living with HIV/AIDS Rate (Per 100,000 people)",2016,Both,White,846.9,"Oakland (Alameda County), CA",790.5,903.4
18056,"Persons Living with HIV/AIDS Rate (Per 100,000 people)",2016,Female,All,70.2,"Portland (Multnomah County), OR",62.2,78.8
18059,"Persons Living with HIV/AIDS Rate (Per 100,000 people)",2016,Female,All,151.7,"Las Vegas (Clark County), NV",143.9,159.4
18063,"Persons Living with HIV/AIDS Rate (Per 100,000 people)",2016,Female,All,283.8,"Oakland (Alameda County), CA",260.5,307.0
18068,"Persons Living with HIV/AIDS Rate (Per 100,000 people)",2016,Male,All,793.7,"Portland (Multnomah County), OR",766.3,821.8
18069,"Persons Living with HIV/AIDS Rate (Per 100,000 people)",2016,Male,All,803.4,"Las Vegas (Clark County), NV",785.7,821.1
18071,"Persons Living with HIV/AIDS Rate (Per 100,000 people)",2016,Male,All,1441.0,"Oakland (Alameda County), CA",1387.4,1494.7
